latitude,longitude,datetime,temp,feelslikemax,feelslikemin,dew,humidity,precip,precipprob,precipcover,windspeed,windspeedmean,winddir,sealevelpressure,cloudcover,visibility,solarradiation,solarenergy,uvindex
13.082,80.275,2014-01-01,25.2,31.4,22.1,20.3,74.4,0.5,100,4.17,22.3,12.8,46.3,1013.8,48.9,4.6,169,14.6,6
13.082,80.275,2014-01-02,25.3,29.3,23.1,19.5,70.8,0,0,0,24.1,12.9,29.7,1014,45.4,4.8,186.1,16.2,7
13.082,80.275,2014-01-03,25.3,30.9,23.1,20.5,75.7,0,0,0,22.3,10.8,10.7,1014,56.8,3.5,172.2,14.8,7
13.082,80.275,2014-01-04,25,29.7,22.1,20.5,76.8,0,0,0,18.4,9,13.1,1013,64.2,3.6,90.8,7.9,4
13.082,80.275,2014-01-05,25.3,30.2,23.1,20.8,77,0,0,0,22.3,9.6,16.2,1011.3,60.1,3.2,160.3,13.8,7
13.082,80.275,2014-01-06,24.9,29.7,22.1,20.6,77.9,0,0,0,24.1,11.3,34.9,1011.4,40.4,3,202.2,17.5,7
13.082,80.275,2014-01-07,24.9,30.4,21.1,19.9,75.1,0,0,0,19.8,10.1,32.1,1012.2,40.6,4.4,204.4,17.7,7
13.082,80.275,2014-01-08,25.4,30.4,22.1,20.1,73.4,0,0,0,18.4,10.2,47.1,1013.5,44.2,5.1,181,15.5,6
13.082,80.275,2014-01-09,25.1,31.4,21.1,20.3,76.1,0,0,0,18.4,10,54.3,1013.5,37.7,3.8,184.9,16,6
13.082,80.275,2014-01-10,24.5,30.4,21.1,19.7,75.6,0,0,0,22.3,10.2,54.1,1013.3,36.8,3.6,225.2,19.6,8
13.082,80.275,2014-01-11,24.1,30.4,20.1,19.1,74.3,0,0,0,14.8,8.2,74.1,1013.9,25.8,4.8,218,18.8,8
13.082,80.275,2014-01-12,24.6,30.9,20.1,19.8,75.8,0,0,0,20.5,6.7,55.3,1014.8,33.3,4.8,217.2,18.9,8
13.082,80.275,2014-01-13,25.5,30.9,22.1,20.2,73.6,0,0,0,19.1,9.8,34.9,1014.7,50.4,5.2,202.9,17.4,7
13.082,80.275,2014-01-14,25.5,30.4,22.1,19.7,72.3,0,0,0,14.8,7.1,53.3,1014,50,5.8,208.5,18.1,7
13.082,80.275,2014-01-15,25.2,31.4,22.1,20,74.2,0,0,0,14.8,7.3,77.1,1014.6,29.6,5.5,213.5,18.4,7
13.082,80.275,2014-01-16,25.4,31.4,22.1,20.2,74.5,0,0,0,13,7.4,74.9,1015,32.9,5.3,191.9,16.5,7
13.082,80.275,2014-01-17,24.7,30.4,22.1,20,75.8,0,0,0,18.4,8.1,65,1014.6,39.4,4.5,205.2,17.7,7
13.082,80.275,2014-01-18,25,29.9,22.1,19.2,71.7,0,0,0,18.4,8.8,68.6,1014.3,41.3,5.4,208.6,18.1,7
13.082,80.275,2014-01-19,25.7,32.6,22.1,20.9,75.9,0.4,100,16.67,25.9,12.4,55.8,1016.3,46.2,6,170.5,14.7,6
13.082,80.275,2014-01-20,25.9,30.9,22.1,20.1,71.9,0.5,100,4.17,22.3,11.8,55.9,1016.3,43.1,6.3,222.9,19.2,8
13.082,80.275,2014-01-21,25.4,31.4,21.1,19.1,69.7,0.4,100,4.17,27.7,11.9,54,1016,48,5.7,192.5,16.6,7
13.082,80.275,2014-01-22,25.8,30.4,23.1,17.8,62.2,0,0,0,22.3,14.4,66.4,1014.9,38.3,5.9,200.4,17.3,7
13.082,80.275,2014-01-23,24.9,30.4,20.1,18.8,70,0,0,0,22.3,9.9,52.6,1014.9,38.3,5,205.3,17.9,7
13.082,80.275,2014-01-24,24.9,30.4,20.1,19.2,72.2,0,0,0,22.3,9.4,58.7,1013.5,35,4.9,226.7,19.8,8
13.082,80.275,2014-01-25,25.2,30.5,21.1,18.7,69.5,0,0,0,24.1,9,55.2,1013,32.5,5.2,223.9,19.3,8
13.082,80.275,2014-01-26,25.2,29.9,22.1,18.7,68.8,0.1,100,4.17,23,11.2,34.1,1013.4,44.9,4.9,187.8,16.2,7
13.082,80.275,2014-01-27,26.5,30.5,24.1,17.9,60.3,0,0,0,24.1,15.6,41.8,1013.5,42.5,5.4,213.3,18.3,9
13.082,80.275,2014-01-28,25.9,30.9,22.1,18.5,65.2,0,0,0,22.3,12.7,42.3,1013.4,41,5.3,243.9,21.1,9
13.082,80.275,2014-01-29,25.1,29.2,21.1,17.8,65.1,0,0,0,22.3,12.5,42.9,1013.7,40.1,5.4,251.8,21.9,9
13.082,80.275,2014-01-30,24.9,29.2,19.1,17.3,64.7,0,0,0,22.3,11.3,31.9,1014.3,32.4,5,250.7,21.8,9
13.082,80.275,2014-01-31,25.1,30.9,20.1,19,70.3,0,0,0,24.1,10.1,27.2,1013.8,37,4.9,217,18.8,8
13.082,80.275,2014-02-01,26.4,30.9,23.1,20.7,71.9,0.1,100,4.17,22.3,14.7,52.6,1013.5,52.6,5.3,195,16.9,7
13.082,80.275,2014-02-02,25.6,30.9,22.1,20.2,73.3,0,0,0,24.1,12.2,49.8,1013.3,38.9,5.5,235.3,20.4,8
13.082,80.275,2014-02-03,24.8,30.5,21.1,18.4,70.1,0,0,0,22.3,8.3,70.2,1011.5,28.5,4.3,254.9,22,9
13.082,80.275,2014-02-04,25,30.5,21.1,18.1,68.2,0,0,0,14.8,8.1,55.3,1009.9,23.5,4.3,263,22.8,9
13.082,80.275,2014-02-05,24.4,31.8,19.1,18,70.8,0,0,0,18.4,8,80.3,1009.5,8.2,3.5,267.3,23.1,9
13.082,80.275,2014-02-06,23.9,31.4,19.1,18.5,74.4,0,0,0,16.6,7.4,79.4,1010.1,11.8,3.4,263.4,22.8,9
13.082,80.275,2014-02-07,24.6,30.1,19.1,16.9,68.1,0,0,0,13,5.3,112.6,1010.5,0.6,4.3,257.5,22.2,9
13.082,80.275,2014-02-08,24.5,31.5,19.1,17,67.4,0,0,0,20.5,8.2,158.3,1009.8,13.3,4.5,259,22.4,9
13.082,80.275,2014-02-09,24.9,30.4,18.1,16.2,64.5,0,0,0,18.4,9.9,165.3,1009,6.3,5.5,270.7,23.4,9
13.082,80.275,2014-02-10,25.7,31.3,20.1,17.5,64.6,0,0,0,18.4,9.4,166.8,1009.1,12.5,5.6,267.9,23.2,9
13.082,80.275,2014-02-11,25.6,30.4,20.1,17.6,65.7,0,0,0,18.4,10.8,171.3,1008.6,13.9,5.5,248.8,21.4,9
13.082,80.275,2014-02-12,25.7,30.9,20.1,17.9,65.3,0,0,0,22.3,9.9,133.2,1008.9,21.1,5.3,258.8,22.4,9
13.082,80.275,2014-02-13,25.5,30.4,21.1,19,68.3,0,0,0,22.3,12.1,111.9,1011,38.1,5.5,244.4,21.1,8
13.082,80.275,2014-02-14,26,32,21.1,20,70.6,0,0,0,20.5,10.5,115.6,1011.3,33.4,4.7,205.5,17.7,8
13.082,80.275,2014-02-15,25.8,32.6,22.1,20.7,74,0,0,0,25.9,10.9,121.8,1009.6,39.6,5.1,198.7,17.1,7
13.082,80.275,2014-02-16,27.5,34.7,25.1,21.6,70.5,0,0,0,22.3,12.7,147.8,1009.2,56.7,5.4,196.8,17.2,7
13.082,80.275,2014-02-17,26.2,31.4,25.1,22.7,81,0.4,100,4.17,14.8,8.5,86.5,1011.7,81.6,4,127.5,10.9,7
13.082,80.275,2014-02-18,26.9,33.8,24.1,22.2,76.6,0.2,100,8.33,22.3,10.9,66.4,1013.8,65.4,5.2,199.2,17.2,7
13.082,80.275,2014-02-19,26.6,32,24.1,20.9,71.9,0.2,100,4.17,24.1,15.2,68.8,1013.2,62.5,5.7,204.5,17.7,7
13.082,80.275,2014-02-20,25.8,29.9,22.1,19,67.8,0,0,0,20.5,12.2,84.9,1012.9,29,5.6,239.9,20.7,8
13.082,80.275,2014-02-21,25,30.9,21.1,18.5,68.8,0,0,0,22.3,10.4,69.6,1013.4,30.8,5.2,263.3,22.7,9
13.082,80.275,2014-02-22,24.8,29.5,20.1,17.5,65.4,0,0,0,22.3,10,73.3,1013.4,30,6.5,270,23.3,9
13.082,80.275,2014-02-23,25,30.5,20.1,17.8,65.9,0,0,0,22.3,10.9,64.4,1013.5,40.3,6.5,255.7,22.1,9
13.082,80.275,2014-02-24,25.3,30.2,22.1,21,77.6,1.3,100,8.33,22.3,9.5,57.8,1013.8,60,5.2,118,10.2,4
13.082,80.275,2014-02-25,26.6,32,24.1,20.6,70.7,0,0,0,20.5,13.9,71,1014.2,44.8,6.3,206,17.8,7
13.082,80.275,2014-02-26,25.9,31.4,23.1,19.7,69.7,0,0,0,22.3,10.2,86.2,1013.1,41.4,6.3,255.6,22.1,9
13.082,80.275,2014-02-27,25.5,31.4,21.1,19.1,69,0,0,0,22.3,9.3,103.7,1013,34.5,6.4,259.8,22.3,9
13.082,80.275,2014-02-28,26.8,31.9,21.1,19.5,66.1,0,0,0,25.9,11,107.8,1012.2,39.2,6.1,212.5,18.3,8
13.082,80.275,2014-03-01,27.2,31.9,23.1,19.6,63.9,0,0,0,20.5,13.2,102.8,1011.6,35.1,6.1,202.8,17.4,6
13.082,80.275,2014-03-02,27.1,32.5,23.1,20.3,67.5,0,0,0,22.3,11.9,102.1,1011.3,38.3,5.8,196.1,16.9,7
13.082,80.275,2014-03-03,27.7,33.1,24.1,20.8,66.8,0,0,0,22.3,15.2,99.5,1011.5,42.6,6.3,223.1,19.1,8
13.082,80.275,2014-03-04,27.7,33.1,24.1,20.8,66.9,0,0,0,25.9,16.2,99.1,1012.3,46.7,6.3,205.3,17.6,7
13.082,80.275,2014-03-05,27.6,33.1,24.1,20.6,66.6,0,0,0,20.5,14.1,82.2,1012.7,47.2,6.5,214.1,18.5,7
13.082,80.275,2014-03-06,27.1,33.1,24.1,20.3,67,0,0,0,20.5,13.1,77,1012.1,48,6.6,198.9,17.2,6
13.082,80.275,2014-03-07,27.3,32.5,24.1,20,65.4,0,0,0,22.3,13.8,82.2,1013.1,45,6.9,246.8,21.4,8
13.082,80.275,2014-03-08,26.7,32,23.1,20.2,68.6,0,0,0,22.3,12.3,67.5,1014,49,5.9,259.5,22.5,9
13.082,80.275,2014-03-09,27,32.5,23.1,20.1,67.2,0,0,0,24.1,12.5,65.5,1013.5,58,5.4,244.8,21.3,9
13.082,80.275,2014-03-10,27.2,32.6,24.1,20.7,68.3,0.1,100,4.17,22.3,12.1,70.1,1013.3,71.1,5.8,193,16.5,7
13.082,80.275,2014-03-11,27.8,33.1,25.1,20.4,65.4,0,0,0,22.3,14.3,88.2,1013.1,49.1,6.7,254.6,21.9,9
13.082,80.275,2014-03-12,26.8,32.5,23.1,20.2,69.3,0,0,0,18.4,10.3,86.8,1013.8,30.8,5.7,277.7,24.1,9
13.082,80.275,2014-03-13,26.4,32.5,22.1,20.2,70.5,0,0,0,16.6,9.8,64,1012.9,37.5,5.3,268.4,23.2,10
13.082,80.275,2014-03-14,27.1,32,22.1,18.5,64,0,0,0,18.4,9,64.6,1012.8,14.4,5.3,294.4,25.3,10
13.082,80.275,2014-03-15,26.7,32.5,21.1,19.5,66.8,0,0,0,18.4,8.3,66.4,1013.8,26.6,5.9,296.4,25.6,10
13.082,80.275,2014-03-16,26.9,34.3,22.1,20.1,69.3,0,0,0,18.4,8.7,64.8,1014.5,9.7,5.9,296.4,25.7,10
13.082,80.275,2014-03-17,27.2,34.2,22.1,20.3,70.1,0,0,0,22.3,9.1,72.1,1013.6,10,5.6,287.5,24.8,10
13.082,80.275,2014-03-18,27.3,33.5,22.1,19.1,67,0,0,0,24.1,8.5,97.8,1013.1,13.8,5.4,289.9,25,10
13.082,80.275,2014-03-19,28.1,36.6,23.1,21.8,71,0,0,0,22.3,10,132.1,1012.1,30,5.1,283.5,24.7,10
13.082,80.275,2014-03-20,28.7,40.7,24.1,23.5,74.8,0,0,0,24.1,10.4,142.9,1010.5,24.4,5.8,271.2,23.5,10
13.082,80.275,2014-03-21,29.6,40.9,26.1,23.4,71.7,0,0,0,18.4,11.9,165.8,1008.9,33.9,5.7,278.8,24,10
13.082,80.275,2014-03-22,29.6,40.9,25.8,23.2,71.1,0,0,0,22.3,14.2,178.7,1007.5,31.8,6.2,285.7,24.7,10
13.082,80.275,2014-03-23,29.4,38.4,25.1,21.7,67.4,0,0,0,24.1,12.7,162.8,1008.7,34.2,6,289.8,25,10
13.082,80.275,2014-03-24,28.4,38.4,24.1,22.6,72.3,0,0,0,22.3,11.5,136.9,1010.5,20.7,5.6,296.8,25.7,10
13.082,80.275,2014-03-25,28.8,38.4,24.1,22,68.3,0,0,0,18.4,10.3,158.7,1010,22.5,5.7,292,25.2,10
13.082,80.275,2014-03-26,27.6,35,23.1,21.9,73,0,0,0,22.3,8.6,107,1010.1,34.1,5.5,281.9,24.4,10
13.082,80.275,2014-03-27,28,35.9,23.1,21,69.3,0,0,0,22.3,8.7,130.2,1010.7,24.4,5.4,292.3,25.2,10
13.082,80.275,2014-03-28,28.9,38.1,23.1,20.3,64.8,0,0,0,24.1,9.9,147,1010.2,34.5,5.5,296.2,25.6,10
13.082,80.275,2014-03-29,30.1,39.4,23.1,20.3,60.6,0,0,0,20.5,10.8,169.6,1009.2,10.8,5.9,307.6,26.6,10
13.082,80.275,2014-03-30,30.2,36.6,24.1,18.6,56.5,0,0,0,18.4,11.4,183.1,1008.3,10,6.2,307.9,26.7,10
13.082,80.275,2014-03-31,30.8,38.7,24.1,18.9,56.3,0,0,0,18.4,12.3,180.9,1007.9,0.4,6.8,310.8,26.7,10
13.082,80.275,2014-04-01,30.3,38.2,25.1,20.7,59.4,0,0,0,24.1,13,176.3,1006.8,1.3,6,307.3,26.6,10
13.082,80.275,2014-04-02,29.6,40.7,26.1,24.1,74.1,0,0,0,22.3,14.6,152.9,1007,19.3,5.4,298.8,25.9,10
13.082,80.275,2014-04-03,29.2,37.1,26.1,23.1,71.5,0,0,0,20.5,11.2,140.9,1008.1,29,6,284,24.5,9
13.082,80.275,2014-04-04,29.4,38.4,25.1,22.5,68.7,0,0,0,22.3,12.1,144.4,1009.4,33,5.9,286.8,24.9,10
13.082,80.275,2014-04-05,30,42.1,25.1,23.5,70.7,0,0,0,25.9,13,154.1,1009.7,31.7,6.1,286,24.8,10
13.082,80.275,2014-04-06,30.2,40.8,26.1,24.1,71.6,0,0,0,20.5,13.3,168.7,1010.4,31.7,6.7,295.7,25.6,10
13.082,80.275,2014-04-07,30.5,39.9,26.1,23.4,68.2,0,0,0,22.3,14.1,172,1010.8,37.7,7,288,24.8,10
13.082,80.275,2014-04-08,30.4,42.2,26.1,23.7,69.6,0,0,0,22.3,16.6,174.4,1009.3,22.5,7.5,304.1,26.4,10
13.082,80.275,2014-04-09,31.4,43.5,32.1,24.4,68.1,0,0,0,22.3,14.1,176.1,1009,39.7,5.8,290.2,25.2,10
13.082,80.275,2014-04-10,30.8,38.7,30.4,22.5,63.4,0,0,0,22.3,9.7,162.9,1010,32.4,5.6,271.6,23.4,10
13.082,80.275,2014-04-11,31.1,42.2,30.2,23.6,67.3,0,0,0,24.1,13.9,168.9,1008.7,31.8,5.9,287.7,24.8,10
13.082,80.275,2014-04-12,30.6,42,32.8,24.7,72,0,0,0,22.3,14.6,152.8,1008.1,40,6.4,282.7,24.3,9
13.082,80.275,2014-04-13,30.3,42,32.8,24.8,73.1,0,0,0,22.3,14.3,135.1,1009.1,40.3,6,271.7,23.5,10
13.082,80.275,2014-04-14,30.3,39.4,32.8,24.1,70.8,0,0,0,20.5,11.5,127.7,1010.2,39.5,5.8,278.5,24,9
13.082,80.275,2014-04-15,30.2,39.5,30.2,23.5,68.6,0,0,0,22.3,11.5,147.3,1010.3,31.8,5.9,274.4,23.7,9
13.082,80.275,2014-04-16,30.1,40.8,26.1,23,67,0,0,0,22.3,11.5,151.9,1008.9,24.6,6.5,287.3,24.7,10
13.082,80.275,2014-04-17,30.3,40.9,26.1,23.4,68.8,0,0,0,25.9,15.2,173.4,1007.2,23.8,5.7,303.6,26.1,10
13.082,80.275,2014-04-18,30.4,40.8,30.2,23.8,69.4,0,0,0,22.3,13.7,138.5,1009,27.9,5.9,297.7,25.8,10
13.082,80.275,2014-04-19,29.9,38.7,26.1,22.9,67.9,0,0,0,22.3,10.5,123.1,1009.1,26.7,5.8,305.7,26.5,10
13.082,80.275,2014-04-20,29.3,37.4,25.1,22.6,69.1,0,0,0,20.5,10.1,115.5,1008.3,25,6.1,296.7,25.6,10
13.082,80.275,2014-04-21,29.6,38.7,25.1,22.7,68.8,0,0,0,22.3,10,135.2,1008.5,32,5.8,296.3,25.4,10
13.082,80.275,2014-04-22,29.6,37.4,25.1,23,69.8,0,0,0,18.4,10.2,106.3,1010.2,30.1,5.9,291.1,25.2,10
13.082,80.275,2014-04-23,30.1,39.5,25.1,23.3,68.3,0,0,0,18.4,9.1,119.8,1009.6,41.7,5.7,276.1,23.9,10
13.082,80.275,2014-04-24,30.9,43.3,30.2,24.2,69.8,0,0,0,22.3,11.5,157.9,1007.8,31.7,6.3,297.7,25.9,10
13.082,80.275,2014-04-25,31.1,43.3,30.2,24.4,69.3,0,0,0,20.5,12.5,168.5,1007.5,26.3,6.5,299.1,25.8,10
13.082,80.275,2014-04-26,31.3,44.7,32.8,24.8,70.1,0,0,0,22.3,13.7,169.2,1007.3,41.9,6.5,282.3,24.6,9
13.082,80.275,2014-04-27,31,42.1,30.8,24.5,69.7,0,0,0,18.4,13.1,159,1008.1,29.5,6.6,284.1,24.6,10
13.082,80.275,2014-04-28,31.2,40.9,30.8,24.3,68.4,0,0,0,22.3,15,155.9,1008.3,35.2,6.9,282,24.4,9
13.082,80.275,2014-04-29,31.2,40.9,30.8,24.3,68.6,0,0,0,22.3,13.7,163.8,1007.9,26,6.8,282.1,24.6,9
13.082,80.275,2014-04-30,31.1,40.8,30.8,24.3,68.6,0,0,0,24.1,12.5,151.1,1007.8,36.7,7,250.8,21.6,8
13.082,80.275,2014-05-01,31.7,42.1,32.8,23.9,65,0,0,0,20.5,13.6,169.1,1007.2,39.2,7.1,287,24.9,9
13.082,80.275,2014-05-02,31.3,40.8,32.8,24.2,67.7,0,0,0,24.1,14.4,160,1006.8,38.3,7,251.3,21.8,9
13.082,80.275,2014-05-03,31.4,42.1,34.7,24.4,67.9,0,0,0,22.3,14.8,149.6,1007,36.7,6.6,271.4,23.4,9
13.082,80.275,2014-05-04,29.9,38.2,32.1,23.8,70.3,0,0,0,20.5,11.9,133.3,1006.5,53.3,6.5,241.5,20.9,8
13.082,80.275,2014-05-05,28.5,36.9,25.1,24,77.3,14,100,12.5,18.4,11.3,125.7,1007.5,91.7,5.3,117.4,10.2,5
13.082,80.275,2014-05-06,29.2,39.4,25.1,24.5,76.6,5,100,8.33,22.3,12.5,104.6,1008.5,75.5,6.8,175.5,15.2,6
13.082,80.275,2014-05-07,28.9,39.3,26.1,24.7,78.9,2,100,4.17,20.5,9.4,141.9,1008,67.4,5,135.8,11.7,5
13.082,80.275,2014-05-08,28.5,39.4,25.1,23.6,75.9,0.1,100,4.17,24.1,13.2,181.3,1007.1,69,5.5,221.5,19.3,8
13.082,80.275,2014-05-09,29.4,39.4,26.1,24,73.7,0.3,100,4.17,25.9,15.7,175.1,1005.3,54.7,6.4,243.2,21.3,9
13.082,80.275,2014-05-10,31.9,43.3,32.8,24,64.8,0,0,0,24.1,16.1,178.9,1004.9,38.2,6.3,254.6,21.9,9
13.082,80.275,2014-05-11,32,42.1,34.7,24.6,66.5,0,0,0,18.4,13.2,202.4,1006.6,50.8,5.7,268.1,23.1,9
13.082,80.275,2014-05-12,32.5,47.5,33.7,25.4,69,0,0,0,19.1,14.8,178.8,1006.5,31.9,5.8,290.6,25,10
13.082,80.275,2014-05-13,32.4,46.1,33.7,25.4,68.1,0,0,0,24.1,14.3,181.4,1006.3,47,5.2,268.7,23.1,9
13.082,80.275,2014-05-14,32.8,43.4,33.7,23.7,60.8,0,0,0,20.5,13.5,185.8,1005.4,28.8,5.7,255.4,22.2,9
13.082,80.275,2014-05-15,33.3,41.9,28.9,19.5,45.9,0,0,0,20.5,12.1,194.2,1004.1,41.3,5.9,289,25,10
13.082,80.275,2014-05-16,33.4,41.5,29.7,19.6,46.7,0,0,0,22.3,11.1,178.8,1003.9,34.3,5.4,276.4,23.8,10
13.082,80.275,2014-05-17,32,41.5,32,22.3,58.9,0,0,0,22.3,10.5,135.7,1005.4,38.9,5.7,275.6,23.8,9
13.082,80.275,2014-05-18,31.2,42.1,31.4,24.5,69.2,0,0,0,18.4,10.7,125.6,1005.9,38.4,5.4,284.6,24.6,9
13.082,80.275,2014-05-19,31.3,42.1,32.8,24.4,68.8,0,0,0,22.3,14.5,178.3,1006.5,37.5,5.5,300.6,25.9,10
13.082,80.275,2014-05-20,31.5,42.1,34.7,24.9,70,0,0,0,22.3,14.4,157.8,1005.8,36.2,5.9,281.9,24.3,10
13.082,80.275,2014-05-21,32.7,43.5,30.9,22.4,57.1,0,0,0,22.3,15.9,193.5,1004.5,36.1,6.1,286.8,24.8,10
13.082,80.275,2014-05-22,33.4,47.5,34.3,23.5,58.9,0,0,0,24.1,16.6,248.1,1002.7,35.4,6.2,291.1,25.3,9
13.082,80.275,2014-05-23,33.1,47.5,32.1,24.1,62.2,0,0,0,22.3,15.7,226.2,1001.9,38,6.6,269.9,23.4,10
13.082,80.275,2014-05-24,33.2,46.4,31.4,23.2,56.6,0,0,0,24.1,14.9,192,1002.5,39.9,6.5,266.1,22.9,9
13.082,80.275,2014-05-25,32.5,46.1,30.8,23.4,60.7,0,0,0,22.3,15.8,209.7,1002.8,50.6,6.4,271.4,23.6,9
13.082,80.275,2014-05-26,32.3,45.1,35.8,25.7,69.3,0,0,0,22.3,14.2,175.3,1004.2,49.3,6,285.9,24.8,9
13.082,80.275,2014-05-27,32,42.4,30.8,23.5,63,0,0,0,18.4,13.3,185,1004.7,42.8,6.4,277.7,24,9
13.082,80.275,2014-05-28,31.5,43.7,32.1,24.4,66.6,0,0,0,20.5,13.5,173.2,1005.8,40,6,284.6,24.6,10
13.082,80.275,2014-05-29,32,44.7,32.8,24.7,67.1,0,0,0,20.5,12.1,168.3,1006,23.8,6.3,267.4,23.2,9
13.082,80.275,2014-05-30,32.6,46,35.8,25.1,67.1,0,0,0,18.4,13.5,181.9,1004.4,27.6,6.3,288,24.8,10
13.082,80.275,2014-05-31,32.7,46,35.8,25.1,66.4,0,0,0,22.3,11.9,168,1002.5,28.8,6.3,298.5,25.7,10
13.082,80.275,2014-06-01,32.8,47.5,35.2,25.1,65,0,0,0,22.3,15.3,168.5,1002,21.3,6,296.5,25.7,9
13.082,80.275,2014-06-02,31.4,47.5,33.7,26.6,76.2,0,0,0,22.3,13.2,153,1002.9,35.8,6.4,274.5,23.7,9
13.082,80.275,2014-06-03,30.4,42.1,25.1,24.3,71.8,22,100,4.17,22.7,11.6,158,1002.8,51,6.5,262.3,22.7,9
13.082,80.275,2014-06-04,32.4,42.4,31.4,23.9,62.3,0,0,0,18.4,10.8,184.9,1002.1,39.2,6.7,275.1,23.8,9
13.082,80.275,2014-06-05,32.4,46.1,34.7,24.7,64.5,0,0,0,18.4,12,227.2,1001.3,48.1,6.3,255.7,22,9
13.082,80.275,2014-06-06,32.8,44.8,32.9,23.6,59.9,0,0,0,24.1,13.9,225.8,1000.5,47.5,6.3,263.9,22.8,9
13.082,80.275,2014-06-07,33.6,48.6,31.4,23.6,57.6,0,0,0,24.1,16.1,249.1,999.1,40.8,6.8,270,23.3,9
13.082,80.275,2014-06-08,33.9,46,35.6,23.8,56.4,0,0,0,22.3,14.6,239,998.6,45.8,6.7,254.6,22,9
13.082,80.275,2014-06-09,27.6,42.9,23.1,24,82,52.2,100,12.5,22.3,12.7,235.7,1001,94.5,4.7,105.1,9,6
13.082,80.275,2014-06-10,31.1,42.2,26.1,23,64.8,2.8,100,4.17,24.1,14.4,237.9,1001.4,64.3,6.1,277,23.9,9
13.082,80.275,2014-06-11,33,46,34.3,23.8,60.2,0,0,0,27.7,14.7,244,1001.5,50.6,7.6,276.6,24,9
13.082,80.275,2014-06-12,33.2,44.8,35.2,23.9,60.8,0.4,100,8.33,22.3,12.9,244.5,1001.4,51.2,6.6,274.3,23.8,9
13.082,80.275,2014-06-13,33.2,43.4,32,22.4,53.9,4,100,4.17,21.2,15.5,250.6,1001.8,71.3,6.3,238.1,20.7,8
13.082,80.275,2014-06-14,32.6,39.9,32.6,22.4,55.9,0,0,0,22.3,15.5,242.2,1002.9,65,6.4,197.2,17.2,7
13.082,80.275,2014-06-15,33.1,47.5,34.3,23.6,58.8,0,0,0,31.7,13.2,261.3,1003.4,49.8,7.1,268.4,23.2,9
13.082,80.275,2014-06-16,33.4,42.4,32.6,22.6,55.1,0,0,0,20.5,13.8,250.9,1003,36.7,6.5,268.8,23.3,9
13.082,80.275,2014-06-17,33.6,43.7,33.4,22.3,53.1,0.5,100,4.17,25.9,15.1,256.2,1002,36.3,7,246,21.3,9
13.082,80.275,2014-06-18,33.9,42.2,33.1,21.5,49,0,0,0,24.1,17.1,253.5,1002.2,53.3,6,229.2,19.8,8
13.082,80.275,2014-06-19,33.9,42.4,31.4,21.1,48.2,0,0,0,27.7,18.3,251.3,1002,38.8,7.3,250.6,21.5,9
13.082,80.275,2014-06-20,33.4,43.5,32,21.6,50.9,0,0,0,22.3,17,241.1,1002.6,38.3,6.3,240.5,21,9
13.082,80.275,2014-06-21,32.4,42.4,30.2,22,56,4,100,4.17,22.3,15.3,239,1004.5,48.5,6.1,241.4,20.8,9
13.082,80.275,2014-06-22,31.8,43.4,32.8,24.3,66.4,6,100,4.17,22.3,12.4,230,1006,70.9,6.3,238.4,20.7,8
13.082,80.275,2014-06-23,32.8,43.4,31.4,22.2,54.9,1,100,4.17,22.3,13.5,249,1004.7,45.4,6.7,264.8,23.2,9
13.082,80.275,2014-06-24,33.2,42.7,32.6,22,53.3,0,0,0,22.3,16.5,237.5,1002.2,30,6.5,255.1,21.9,9
13.082,80.275,2014-06-25,33,41.5,34.7,23.4,59.7,0,0,0,27.7,13.9,233.3,1002.1,27.9,6.7,257.5,22.2,9
13.082,80.275,2014-06-26,32.9,41.2,34.7,22.9,57.4,0,0,0,24.1,14.5,204.5,1004.1,35,6.6,244.3,21.1,8
13.082,80.275,2014-06-27,32.3,49.1,34.7,25.6,68.6,0,0,0,22.3,14.7,183.3,1005.8,32.5,5.8,240,20.9,8
13.082,80.275,2014-06-28,30.6,44.7,25.1,25,74.3,63,100,4.17,27.7,12.7,226.4,1006,49.1,6,215.6,18.7,7
13.082,80.275,2014-06-29,30.2,44.7,26.1,24.9,74.8,26,100,4.17,18.4,11.1,210.4,1004.7,52.6,5.8,272.4,23.5,9
13.082,80.275,2014-06-30,29.6,43.3,25.1,24.5,75.8,6,100,8.33,20.5,16,214.9,1004.6,79.6,5.6,191.9,16.6,8
13.082,80.275,2014-07-01,31.1,40.9,29.7,23.5,65.8,0,0,0,20.5,13.8,238.2,1004.7,48.3,6.4,247.3,21.5,8
13.082,80.275,2014-07-02,31.8,40.9,31.4,23.1,61.8,0,0,0,22.3,15.2,242,1004.9,33.8,6.2,207.3,17.8,8
13.082,80.275,2014-07-03,32.6,42.4,34.7,24,62.7,0,0,0,24.1,14.3,246.2,1002.9,30.8,7,249.9,21.6,8
13.082,80.275,2014-07-04,32.4,43.5,32.1,23.8,62,0,0,0,24.1,16.9,246.1,1001.8,48.9,6.8,256,22.1,9
13.082,80.275,2014-07-05,31.6,43.4,33.7,24.9,68.8,2,100,4.17,25.9,13.2,203.8,1002.3,54.9,6.8,230.6,19.9,8
13.082,80.275,2014-07-06,30.1,42.1,25.1,24.5,72.9,0,0,0,22.3,14.5,251.7,1004.8,60,6.7,209.7,18.2,8
13.082,80.275,2014-07-07,30.3,40.8,30.2,24.7,73.4,0.8,100,4.17,22.3,13.2,233.7,1004.6,44.7,5.9,209.2,18.1,7
13.082,80.275,2014-07-08,29.9,40.7,26.1,24.3,73.3,3,100,4.17,18.4,12.9,226.7,1003.6,64.2,6.9,206,17.9,7
13.082,80.275,2014-07-09,30.1,38.2,26.1,23.7,69.5,0,0,0,24.1,15,245.6,1003.4,75.8,6.7,137.9,11.9,5
13.082,80.275,2014-07-10,28.1,36.9,23.1,23.5,77.5,6,100,4.17,29.5,15.3,250.8,1004.8,90.3,5.8,96.5,8.3,3
13.082,80.275,2014-07-11,27.6,35.2,24.1,23.8,80.1,13,100,12.5,25.9,12.3,245.6,1005.2,93.3,5.2,73.9,6.5,3
13.082,80.275,2014-07-12,30.6,38.7,30.2,21.8,60.2,0.2,100,8.33,27.7,16.8,247.4,1003.5,80.4,5.9,158,13.7,6
13.082,80.275,2014-07-13,30.6,39.5,30.8,22.6,63,0,0,0,37.1,19,253.9,1003,83.9,6.9,184.3,16,8
13.082,80.275,2014-07-14,30.9,40.8,30.8,23.4,65.5,1,100,4.17,27.7,16.9,244,1002.1,82.5,6.4,65.6,5.8,2
13.082,80.275,2014-07-15,31.4,39.6,30.8,21.8,57.1,0,0,0,24.1,16.4,231.1,1002.5,70.4,6.6,155.3,13.4,6
13.082,80.275,2014-07-16,31.7,39.9,29.7,21.2,54.6,0,0,0,27.7,16.7,229,1003.6,52.3,6.4,206.4,17.6,7
13.082,80.275,2014-07-17,31.9,41.2,29.7,22,57.2,0,0,0,20.9,14.6,233.4,1003.7,49.5,7.4,256.1,22.2,9
13.082,80.275,2014-07-18,32,39.9,32.1,22.4,57.9,0,0,0,24.1,16.3,228,1003.5,42.5,6.6,246.2,21.3,9
13.082,80.275,2014-07-19,31.7,38.4,32.9,22.6,59.6,0,0,0,27.7,17.3,244.7,1004.1,72.9,6,174.3,15,7
13.082,80.275,2014-07-20,32.2,40.9,31.4,22,55.5,0,0,0,22.3,14.4,252,1004.3,65.8,6.5,126.9,11.1,5
13.082,80.275,2014-07-21,32.1,40.9,32.1,23.4,61.8,0.5,100,4.17,24.1,15.1,243.9,1003.5,58.3,6.7,171.6,14.8,6
13.082,80.275,2014-07-22,32,41.2,32.1,22.2,57.8,0.2,100,4.17,25.9,14.8,240.4,1003.5,60.8,6.8,184.4,16,6
13.082,80.275,2014-07-23,32.2,41.2,31.4,22.1,56.6,3,100,4.17,27.7,18.7,249.1,1003.8,58.9,6.6,210.1,18.2,7
13.082,80.275,2014-07-24,31.7,40.9,31.4,21.9,57.2,0,0,0,24.1,14.8,257,1005,51.7,6.7,163.1,14.2,7
13.082,80.275,2014-07-25,31.3,41.2,32.8,23.1,63.9,6.4,100,12.5,20.5,11,270.8,1005.7,65.4,6.4,241.9,20.9,8
13.082,80.275,2014-07-26,30.8,41.2,30.8,23.2,65.9,3,100,4.17,18.4,14,259.1,1005.8,75.8,6.2,192.1,16.5,7
13.082,80.275,2014-07-27,30.5,37.4,26.1,22.3,63.1,0,0,0,22.3,14.4,240.5,1006,58.7,6.6,157.5,13.6,5
13.082,80.275,2014-07-28,30.6,37.1,30.8,22.3,62.2,0,0,0,22.3,17.2,235.8,1004.3,71.3,6.1,86.6,7.5,3
13.082,80.275,2014-07-29,30.6,39.9,29.3,21.6,59.9,0.9,100,4.17,22.3,13.6,258,1003.8,64.6,6,169.1,14.6,6
13.082,80.275,2014-07-30,30.6,37.8,29.7,21.8,61.1,0.4,100,4.17,22.3,12.9,235.7,1004.1,85.8,5.7,153.3,13.1,7
13.082,80.275,2014-07-31,32.3,40.9,32.9,22.4,57.6,0,0,0,22.3,14.8,235.5,1003.8,88.3,5.9,190.2,16.5,9
13.082,80.275,2014-08-01,32.5,43.4,30.8,22.7,58,0,0,0,22.3,14.2,231.3,1003.4,54.9,7.1,208.5,18.1,8
13.082,80.275,2014-08-02,30.5,38,30.2,22.8,63.9,0.1,100,4.17,22.3,12.6,242.6,1004.4,81.2,6,126.6,11,5
13.082,80.275,2014-08-03,31.3,40.8,26.1,22.4,61.5,14,100,4.17,24.1,14.1,242.1,1003.7,50.3,6.3,171,14.7,7
13.082,80.275,2014-08-04,31.7,40.9,26.1,22.8,62.5,0,0,0,24.1,14.1,241.2,1002.5,53.8,5.8,219.1,18.8,8
13.082,80.275,2014-08-05,32.5,41.2,30.9,21.9,54.7,0.1,100,4.17,24.1,17.2,255.3,1003.3,56.2,6.6,177.6,15.2,7
13.082,80.275,2014-08-06,30.1,39.6,26.1,23.1,68.7,8,100,8.33,22.3,13.7,237.7,1005,73.3,5.8,179.2,15.3,7
13.082,80.275,2014-08-07,29.9,39.5,26.1,22.6,65.9,0,0,0,22.3,12,229,1004.6,75.8,6.1,168.8,14.5,6
13.082,80.275,2014-08-08,29.7,38.7,25.1,22.2,66.3,29,100,8.33,24.1,15.1,225.5,1004.8,75.3,5.4,156.8,13.3,6
13.082,80.275,2014-08-09,28,38.2,24.1,23.3,77.7,4,100,4.17,22.3,13.2,223.5,1006.3,82.6,6.3,97.4,8.3,5
13.082,80.275,2014-08-10,28.5,40.7,25.1,24,78.3,11,100,8.33,22.3,15.6,221,1006.8,77.4,6.4,121.5,10.5,5
13.082,80.275,2014-08-11,29.1,40.8,25.1,23.9,74.9,0.2,100,4.17,24.1,12.9,217.8,1006,68.9,6.4,194,16.9,8
13.082,80.275,2014-08-12,28.9,39.6,24.1,23.2,73.4,22,100,4.17,20.5,11.7,235.6,1005.7,63.6,5.3,180.6,15.7,8
13.082,80.275,2014-08-13,28.6,38.4,25.1,23.4,74.5,6,100,8.33,22.3,13.9,212.5,1006.2,85.8,5.4,215.5,18.6,8
13.082,80.275,2014-08-14,30.7,39.6,32.1,23.6,67,0.1,100,4.17,24.1,14.1,209.8,1006.3,61.5,6.6,240.4,20.7,9
13.082,80.275,2014-08-15,29.9,39.6,26.1,23.4,69.6,0.1,100,4.17,22.3,13.2,232.5,1007,56.8,6.7,235.9,20.4,8
13.082,80.275,2014-08-16,29.4,39.4,25.1,23.8,72.9,0,0,0,20.5,13.6,280.2,1007.6,40.8,6.7,229.5,19.8,8
13.082,80.275,2014-08-17,29.6,39.5,25.1,23.7,71.5,0,0,0,20.5,13.1,210.4,1006.8,55.8,6.4,236.2,20.4,8
13.082,80.275,2014-08-18,28.9,36.9,26.1,24,75.4,0,0,0,22.3,11.4,182.6,1007.5,53.3,6.3,238.1,20.6,8
13.082,80.275,2014-08-19,29.6,39.4,26.1,23.9,72.2,0.2,100,4.17,22.3,13,171,1007.9,50.8,6.6,253.4,21.9,9
13.082,80.275,2014-08-20,30.1,39.5,32.1,24.3,71.8,0,0,0,22.3,13.7,165.4,1006.5,39.2,6.3,252.6,21.8,8
13.082,80.275,2014-08-21,30,39.5,30.8,24.1,71.8,0,0,0,20.5,13.8,164.8,1004.5,37.5,6.6,246.9,21.2,8
13.082,80.275,2014-08-22,29.9,40.7,32.1,24.5,73.2,0,0,0,18.4,13.7,148.3,1004.6,39.2,6,244.5,21.2,9
13.082,80.275,2014-08-23,29.3,39.3,30.2,24.9,77.8,0.1,100,4.17,18.4,10.1,150.1,1005.7,61.5,6.2,219,18.9,9
13.082,80.275,2014-08-24,29.2,39.6,26.1,23.5,72.8,0,0,0,22.3,13.3,191.2,1005.9,60.8,6.4,240.6,20.6,9
13.082,80.275,2014-08-25,28.7,40.7,24.1,23.6,75.1,84,100,8.33,18.4,9.7,205,1007.3,75.8,5.3,178.8,15.3,7
13.082,80.275,2014-08-26,29.3,38.2,25.1,23.9,73.8,0,0,0,18.4,9.4,210.6,1006.6,56.7,6.5,137.6,11.8,5
13.082,80.275,2014-08-27,28.4,34.7,29.3,23.3,74.3,0.2,100,4.17,18.4,9.3,255.1,1005.3,87.9,5.8,107.2,9.1,5
13.082,80.275,2014-08-28,28.9,36.9,26.1,22.5,69.1,0,0,0,25.9,11.5,255.2,1004,80,6,155.7,13.5,8
13.082,80.275,2014-08-29,29.7,37.1,28.9,21.4,62,0,0,0,22.3,13.4,225.8,1002.4,87.5,5.9,182.9,16,6
13.082,80.275,2014-08-30,31,39.3,30.8,22.7,62.7,0,0,0,22.3,15.6,222.4,1002.2,56.7,7.1,197.7,17,9
13.082,80.275,2014-08-31,31.6,38.7,29.7,21.1,55,0,0,0,25.9,18.7,224.7,1001.5,43.3,6.8,196.3,17.1,7
13.082,80.275,2014-09-01,30.8,43.5,30.2,22.8,62.9,0,0,0,25.9,16.3,222.4,1002.1,65,6.3,165.7,14.2,6
13.082,80.275,2014-09-02,30,39.5,26.1,23.9,70.8,0,0,0,22.3,14.5,200.8,1004.5,43.3,6.7,205.1,17.7,8
13.082,80.275,2014-09-03,29.9,40.8,24.1,24.4,74.3,0,0,0,20.5,13.4,200.8,1006.1,65.7,6.4,0.7,0,0
13.082,80.275,2014-09-04,27.5,37.6,24.1,24.9,86.2,59,100,4.17,14.8,9.6,173.2,1007.7,86.2,5.6,128.2,9.6,5
13.082,80.275,2014-09-05,29.8,42,25.1,24.5,74.8,0,0,0,29.5,14.7,232.2,1006.8,67.8,6.2,188.8,16.3,7
13.082,80.275,2014-09-06,28.7,38,24.1,24,76.9,16,100,4.17,22.3,12.7,223.7,1005.5,90,5.7,168.9,14.5,7
13.082,80.275,2014-09-07,29.3,39.6,26.1,23.5,72.2,1.1,100,8.33,24.1,13.9,228.3,1005.3,70.7,6.5,158.6,13.8,7
13.082,80.275,2014-09-08,29.1,39.5,25.1,23.6,73.7,3.1,100,8.33,22.3,11.9,205.7,1006.7,67.4,6.2,266.4,23,10
13.082,80.275,2014-09-09,30,39.9,26.1,22.8,67.3,0,0,0,20.5,13.5,231.1,1007,35.5,6.5,262.4,22.7,10
13.082,80.275,2014-09-10,29.7,37.4,26.1,22.5,66.5,0,0,0,22.3,11.4,188.4,1006.7,42.4,7.1,262.6,22.8,9
13.082,80.275,2014-09-11,29.9,40.8,26.1,23.5,70.2,0,0,0,18.4,10.5,178.2,1007.5,36,6.6,280.3,24.2,9
13.082,80.275,2014-09-12,29.6,40.7,26.1,24.1,73,0.1,100,4.17,14.8,10.3,190.1,1008.2,54.4,6.2,261.8,22.6,9
13.082,80.275,2014-09-13,28.5,38.2,25.1,23.7,76.3,0.6,100,4.17,22.3,8.9,240.2,1007.8,63.6,5.9,204.6,17.7,8
13.082,80.275,2014-09-14,29.7,39.5,30.8,24.4,74.2,2.1,100,16.67,21.6,11.8,214.1,1006.5,69.2,7.2,232.9,20.1,8
13.082,80.275,2014-09-15,29.1,40.7,23.1,23.8,75.1,3,100,4.17,20.5,12.9,253.5,1005,65.4,6.8,231.2,20,9
13.082,80.275,2014-09-16,27.7,36.7,24.1,23.9,80.7,21,100,4.17,18.4,12.2,262.8,1004.1,93.3,5.5,129.4,11.2,6
13.082,80.275,2014-09-17,29,38.2,25.1,23.2,71.5,1,100,4.17,25.9,13.7,265.8,1003.2,70.8,6.5,180.1,15.6,8
13.082,80.275,2014-09-18,26.8,34.7,25.1,23.4,81.6,1.4,100,8.33,19.8,12.1,255.8,1004.8,86.3,6.1,59.2,5,2
13.082,80.275,2014-09-19,29.3,38.4,26.1,23.1,70.3,1.1,100,4.17,18.4,10.8,252.7,1005.3,71.2,6.4,220.6,19.1,9
13.082,80.275,2014-09-20,29.3,38.2,26.1,23.5,72.1,0,0,0,22.3,12.2,254,1004.8,62.6,6.5,236.8,20.5,9
13.082,80.275,2014-09-21,30,39.5,30.2,24.4,73.1,0,0,0,18.4,9.8,221.4,1005.8,54,6.1,230.8,19.9,8
13.082,80.275,2014-09-22,28.8,40.7,25.1,24.7,79.6,31,100,8.33,18.4,9.5,183.9,1007.3,74.8,5,246.4,21.3,9
13.082,80.275,2014-09-23,29.8,42.1,30.2,24.8,75.2,0.1,100,4.17,18.4,9.7,183.8,1006.7,41.7,5.6,262.2,22.6,9
13.082,80.275,2014-09-24,29.3,37.5,30.8,24.8,77.4,0.1,100,4.17,13,9.3,175.3,1007.5,84.4,5.7,246.5,21.1,8
13.082,80.275,2014-09-25,29,37.6,32,25,79.4,0.9,100,25,14.4,10.2,153.8,1008.8,54.1,,226.8,19.3,8
13.082,80.275,2014-09-26,28.6,39.3,30,24.9,80.8,0.8,100,20.83,20.5,9.8,120.6,1009.6,36.6,5.6,231.7,20,9
13.082,80.275,2014-09-27,28,37.9,25.1,24.8,83,0.7,100,20.83,18.4,8.3,95,1010.1,55.4,5.8,219.1,18.7,8
13.082,80.275,2014-09-28,27.7,36.7,25.1,24.1,81.6,4,100,4.17,20.5,10.1,93.8,1010.3,51.4,5.9,232.6,19.9,8
13.082,80.275,2014-09-29,28.3,37.9,24.1,24.3,79.1,0.5,100,4.17,22.3,9.2,92.4,1010.3,44.5,6.3,231.3,19.8,8
13.082,80.275,2014-09-30,29.6,40.7,30.8,25.1,77.4,0,0,0,18.4,7,100.8,1009.9,47.1,6.6,245,21.2,8
13.082,80.275,2014-10-01,29.3,42.1,26.1,24.9,78.2,0,0,0,18.4,7.9,60.4,1010,40.7,6.2,247.6,21.5,9
13.082,80.275,2014-10-02,28.9,39.4,25.1,24.1,76.5,0,0,0,16.6,6.5,88.7,1009.9,22.2,5.9,270,23.4,9
13.082,80.275,2014-10-03,29.1,40.7,25.1,24.4,76.7,0,0,0,14.8,6.1,122.8,1009.2,34.6,5.8,245.5,21.2,8
13.082,80.275,2014-10-04,29.7,39.6,26.1,24,72.9,0,0,0,18.4,8.8,108.5,1009.3,30,5.6,254.6,21.8,9
13.082,80.275,2014-10-05,30,43.7,25.1,24.7,74.7,0,0,0,18.4,8,127.5,1009.4,26.5,5.2,253.7,21.8,9
13.082,80.275,2014-10-06,30.3,43.7,29.7,25,74.8,0,0,0,22.3,8.6,97.4,1008.8,39.7,5,251.4,21.7,9
13.082,80.275,2014-10-07,28.6,40.7,26.1,24.7,79.9,15,100,4.17,13,7.1,47.2,1007.8,54.1,4.7,223.7,19.4,7
13.082,80.275,2014-10-08,28.7,40.7,25.1,24.2,77.4,0,0,0,18.4,9.3,36.1,1007.2,45.4,4.9,227,19.4,8
13.082,80.275,2014-10-09,28.6,40.8,26.1,25.4,83.9,4,100,4.17,11.5,3.7,63.1,1007.3,44.6,5,218.4,18.7,8
13.082,80.275,2014-10-10,29.7,40.7,26.1,25.9,81.5,0,0,0,18.4,7.4,234.7,1005.5,72.5,4.6,185.1,15.9,7
13.082,80.275,2014-10-11,29.9,39.3,30.2,24.9,75.1,0,0,0,22.3,11.6,247.9,1003.5,87.9,5.1,147.4,12.6,5
13.082,80.275,2014-10-12,31,39.6,30.2,23.8,67.1,0,0,0,20.2,13,240.7,1003.1,79.5,5.5,160.4,13.8,7
13.082,80.275,2014-10-13,30.5,42.1,30.2,24.6,72.3,0,0,0,20.2,14.4,202,1004.9,35.4,5.9,257.5,22.2,9
13.082,80.275,2014-10-14,30.5,42.1,32.8,25.7,76.7,0,0,0,24.1,13.9,149.3,1008.1,30,6.6,252.9,21.6,9
13.082,80.275,2014-10-15,29.5,40.7,31.4,25.2,78.4,0.4,100,8.33,22.3,10.5,75.3,1010.7,45.7,6,216.3,18.7,8
13.082,80.275,2014-10-16,29.2,40.8,30.8,25.3,80.4,1.8,100,8.33,24.1,10.8,73.9,1010.6,49.3,6.6,202.9,17.5,7
13.082,80.275,2014-10-17,26.9,37.9,25.1,25,90,87,100,8.33,24.1,9.8,73.1,1010.9,73.5,4,105.2,9,4
13.082,80.275,2014-10-18,25.8,33.7,24.1,24.8,94.2,74,100,20.83,11.9,5.4,29.9,1010.6,99.3,3.4,86.6,7.6,3
13.082,80.275,2014-10-19,25.4,26.6,24.1,24.7,96.1,38,100,12.5,11.2,4.7,18.9,1010.3,95.4,3.3,56,4.9,2
13.082,80.275,2014-10-20,25,31.5,24.1,24.3,95.9,51,100,16.67,10.1,1.9,43.9,1010.8,92.1,2.3,59.9,5.3,3
13.082,80.275,2014-10-21,27.3,38,24.1,24.4,85.1,0.4,100,8.33,22.3,8.4,42.9,1011.6,56.5,4.5,174.9,15.1,6
13.082,80.275,2014-10-22,27.6,38,25.1,24.9,86,1,100,4.17,20.5,8.2,43,1012.1,49.1,4.2,186.6,16.2,7
13.082,80.275,2014-10-23,25.9,30.8,25.1,25,95,34,100,8.33,12.6,3.9,51.2,1011.6,74.9,3,125.6,10.7,5
13.082,80.275,2014-10-24,26.3,34.7,25.1,25,93.2,52.3,100,16.67,13,6.6,22.6,1010.8,75.9,4.3,165.5,14.2,7
13.082,80.275,2014-10-25,28.1,39.3,25.1,25.3,85.9,0.3,100,4.17,16.6,7.2,130.3,1010.4,41.7,6,198.2,17.2,7
13.082,80.275,2014-10-26,26.8,34.7,25.1,24.9,89.7,5.4,100,8.33,16.6,4.8,81.2,1012,60.6,5.7,141.1,12.1,6
13.082,80.275,2014-10-27,28.3,40.8,25.1,25.2,84.2,0.1,100,4.17,11.2,4.1,45.6,1011.1,46.7,5.3,177.3,15.4,7
13.082,80.275,2014-10-28,28.6,40.7,26.1,25,82,0,0,0,16.6,7.2,3.1,1009.7,46.7,5.3,187.5,16.1,7
13.082,80.275,2014-10-29,28.2,36.7,25.1,24.3,80,0,0,0,18.4,10.1,15.1,1010.5,38.3,5.4,192.3,16.6,7
13.082,80.275,2014-10-30,27.9,34.7,25.1,23,76.1,0.1,100,4.17,18.4,8.9,20.6,1010.2,42.2,4.8,239.4,20.7,9
13.082,80.275,2014-10-31,27,35.2,24.1,23.4,80.8,0.5,100,4.17,25.6,9.8,355,1009.6,55.8,4.3,139.2,11.9,5
13.082,80.275,2014-11-01,25.6,32.9,22.1,22.9,85.5,27.1,100,8.33,24.5,13.7,350.4,1009.8,91.2,4.1,94.2,8.2,3
13.082,80.275,2014-11-02,26.2,33.7,25.1,24.6,91,14.4,100,12.5,19.4,8.6,356.2,1010.4,94.9,2.5,118.3,10.5,6
13.082,80.275,2014-11-03,26.7,32.8,25.1,24.4,87.6,4,100,4.17,14.8,8.9,350.1,1010.5,97.1,2.8,89.4,7.6,4
13.082,80.275,2014-11-04,27,36.9,24.1,23.1,80.3,0,0,0,14.8,6.7,330.8,1010.1,76.3,3.2,146.8,12.8,7
13.082,80.275,2014-11-05,26.2,30.9,22.1,20.8,74.5,0,0,0,14.8,4.7,299.7,1010.5,69.6,4.4,176.1,15.2,7
13.082,80.275,2014-11-06,26.1,33,21.1,19.9,70.4,0,0,0,16.6,7.1,313.7,1009.5,52.2,4.4,249.7,21.6,9
13.082,80.275,2014-11-07,26.6,34.3,22.1,20.4,70.8,0,0,0,18.4,5.8,346.4,1009.5,43.2,4.6,226.2,19.3,9
13.082,80.275,2014-11-08,27.4,33.1,24.1,20.6,68.2,0,0,0,14.8,4.9,348.7,1009.9,84.4,4.6,181,15.6,7
13.082,80.275,2014-11-09,27.1,34.7,24.1,22.1,75,0.5,100,4.17,14.8,6.2,317.4,1010.2,80,5.5,165.8,14.2,8
13.082,80.275,2014-11-10,27.3,37.9,24.1,23.7,81.4,0,0,0,18.4,7.4,53.1,1010.6,36,4.5,200.1,17.3,7
13.082,80.275,2014-11-11,27.6,39.3,24.1,24.7,84.7,0.6,100,4.17,22.3,8.6,37.2,1010.4,46.8,4.4,203.2,17.5,7
13.082,80.275,2014-11-12,25.8,32.8,24.1,24.2,91.1,52.4,100,20.83,21.6,11.7,29.2,1010,93.7,3.7,58.7,5.1,3
13.082,80.275,2014-11-13,25,26.2,24.1,24.5,97,70,100,25,18.4,9,68.3,1011.3,92.9,3.4,76.4,6.6,3
13.082,80.275,2014-11-14,27.2,37.9,25.1,25.3,89.9,6,100,4.17,18.4,8.4,71.7,1012.7,64.6,4.9,159.1,13.7,6
13.082,80.275,2014-11-15,27.2,36.7,25.1,24.6,86.6,0.4,100,12.5,18.4,6.6,41.6,1012,46.9,4.5,175.8,15.2,7
13.082,80.275,2014-11-16,27.2,35.6,25.1,23.7,82.1,0.3,100,8.33,16.6,8.2,37.5,1011.6,38.7,4.9,184.8,15.9,6
13.082,80.275,2014-11-17,27,33.4,24.1,23.2,81.1,0,0,0,22.3,9.2,42.2,1012,44.6,4.8,217.7,18.8,8
13.082,80.275,2014-11-18,27.1,35.6,24.1,23.5,81.4,0,0,0,25.9,9.3,42.6,1013,48.6,4.5,204.7,17.7,7
13.082,80.275,2014-11-19,27.4,36.7,25.1,23.3,79.1,0,0,0,22.3,10,41,1012.9,41.3,4.4,219.5,19,8
13.082,80.275,2014-11-20,27.2,35.2,24.1,23.2,79.6,0,0,0,20.5,10.5,22.7,1011.6,43.4,4.3,213.9,18.3,8
13.082,80.275,2014-11-21,26.8,35.2,24.1,23.5,82.9,0,0,0,18.4,7.3,17.5,1011.9,37.5,4,202.4,17.5,8
13.082,80.275,2014-11-22,26.9,35.2,25.1,23.1,80.5,0.1,100,4.17,16.6,8.9,18.5,1011.1,40.4,4.3,151.8,13.1,5
13.082,80.275,2014-11-23,26.4,34.7,23.1,21.9,77.8,0,0,0,18.4,7.1,36.6,1011.6,44.2,4.8,207.6,18,8
13.082,80.275,2014-11-24,26.1,33.4,23.1,22,79.3,0,0,0,22.3,9.3,34.1,1011.6,46.3,4.1,211.5,18.3,8
13.082,80.275,2014-11-25,26,31.4,23.1,21.1,75.1,0,0,0,25.6,10,23.3,1011.7,44.2,4.6,200.7,17.4,7
13.082,80.275,2014-11-26,25.9,31.4,23.1,20.9,74.7,0,0,0,18.4,9,21.5,1009.8,46.2,4.5,185.5,15.9,7
13.082,80.275,2014-11-27,26,31.4,23.1,20.9,74.1,0,0,0,22.7,10,25.4,1009.8,59.2,5.2,173.9,15,7
13.082,80.275,2014-11-28,26,30.8,24.1,21.2,75.2,0,0,0,22,12.3,6.4,1010.3,72.1,4.8,146.4,12.6,6
13.082,80.275,2014-11-29,25.8,29.3,24.1,21.7,78.7,0,0,0,20.9,11.6,353.4,1010.5,82.9,3.6,85.8,7.4,4
13.082,80.275,2014-11-30,25.1,26.7,24.1,22.9,87.4,2,100,4.17,22.7,9.8,3.8,1010.1,90.4,3.5,99.6,8.5,4
13.082,80.275,2014-12-01,26.4,31.4,24.1,21.2,74,0,0,0,25.9,10.7,33.8,1010.5,75.4,5.1,139.8,12.1,6
13.082,80.275,2014-12-02,25.8,32.6,22.1,20.8,75,0,0,0,20.5,8.5,18.7,1012,23.8,4.9,224,19.2,8
13.082,80.275,2014-12-03,24.8,30.9,21.1,20.1,76.5,0,0,0,14.8,6.6,21,1012.3,41.1,4.3,226.1,19.6,8
13.082,80.275,2014-12-04,24.7,30.5,20.1,19.2,74,0,0,0,22.3,6.8,38.7,1012.5,33.3,4.3,231.7,19.9,8
13.082,80.275,2014-12-05,24.7,30.9,21.1,18.9,71.8,0,0,0,22.3,7.1,50.1,1013.1,42.8,4.6,215.4,18.6,8
13.082,80.275,2014-12-06,25.2,31.4,21.1,20.6,76.5,0,0,0,16.6,6.1,35.4,1012.5,54.2,4.1,160.9,13.9,6
13.082,80.275,2014-12-07,25.8,32.9,23.1,22.3,81.8,0,0,0,13,5.8,26.4,1011.7,54.7,4.2,127.4,11,5
13.082,80.275,2014-12-08,26.8,35.2,24.1,23.7,83.7,0,0,0,18.4,7,40.7,1011.7,66.7,3.3,167.1,14.4,6
13.082,80.275,2014-12-09,27.4,38,24.1,24.3,83.8,0.7,100,4.17,16.6,7.4,48.2,1012.4,48.3,5,137.7,12,5
13.082,80.275,2014-12-10,25.5,30.1,25.1,24.3,93.4,30.3,100,12.5,13.7,6.5,25.4,1012.4,79.7,4.3,124.9,10.7,6
13.082,80.275,2014-12-11,26.8,36.3,24.1,24.4,87.8,8,100,8.33,16.6,7.3,72.4,1012.2,65.4,5.9,169.8,14.8,6
13.082,80.275,2014-12-12,26.7,36.3,24.1,23.9,85.5,22.6,100,12.5,25.9,10.2,65.4,1012.6,55.9,5.7,144.8,12.4,5
13.082,80.275,2014-12-13,25,26.5,23.1,23.7,92.8,4,100,4.17,18.4,5.7,49.4,1013.2,85.5,3.2,111.8,9.7,5
13.082,80.275,2014-12-14,26.7,35.2,25.1,23.7,84.3,0,0,0,18.4,7.5,56.6,1012.9,52.9,5,202.5,17.5,7
13.082,80.275,2014-12-15,26.1,35.2,22.1,23.7,87.4,0.5,100,8.33,24.1,8.2,40,1012.7,52.8,5.2,169.3,14.5,7
13.082,80.275,2014-12-16,27.1,36.3,24.9,24.2,84.9,1.2,100,8.33,24.1,11.8,36.4,1012.7,75,5.5,136.7,11.9,6
13.082,80.275,2014-12-17,27.1,33.7,25.1,23.6,81.3,0,0,0,22.3,12.6,26.1,1012.5,62.5,6,139.5,12,7
13.082,80.275,2014-12-18,27.4,33.4,26.1,22.9,76.9,0,0,0,24.1,16.5,48,1013.3,50.6,6,188.7,16.3,7
13.082,80.275,2014-12-19,26.8,32.1,26,21.3,71.7,0,0,0,24.1,17.2,46.3,1015,55.3,5.9,184.1,15.9,7
13.082,80.275,2014-12-20,25.5,30.4,21.1,19.4,69.8,0,0,0,24.1,10.7,20.4,1013.9,49.2,6.2,178.1,15.3,7
13.082,80.275,2014-12-21,25,29.7,23.1,20.8,78.1,0,0,0,18.4,8.5,3.9,1011.7,62.9,5.3,178.2,15.4,7
13.082,80.275,2014-12-22,25.7,31.4,24.1,21.5,78.3,0.5,100,4.17,24.1,9.8,20,1011.4,54.2,4.7,190.2,16.4,7
13.082,80.275,2014-12-23,25.3,31.4,22.1,22,82.5,0,0,0,22.3,9.3,38.5,1012,56.3,5,152.4,13.2,6
13.082,80.275,2014-12-24,25.9,31.4,22.1,21.7,78.7,0,0,0,22.3,10.9,24.5,1013.2,45.3,6.2,206.5,17.9,8
13.082,80.275,2014-12-25,25.4,29.9,23.1,20.4,75.3,0,0,0,25.9,10.5,8.5,1013.3,53.3,5.3,178.6,15.5,7
13.082,80.275,2014-12-26,24.8,29.3,21.1,19.8,74.9,0,0,0,25.6,11,16.8,1011.7,50.3,4.5,172.9,15,7
13.082,80.275,2014-12-27,24.4,28.6,22.1,20.4,78.6,0,0,0,24.8,9.1,7.6,1011.4,63.5,3,129.3,11.3,6
13.082,80.275,2014-12-28,25.3,29.7,24.1,22.9,86.7,0.2,100,4.17,25.6,11.2,12.7,1011.4,92,2.8,68.5,6,4
13.082,80.275,2014-12-29,23.8,25.1,22.1,22.9,95,42.8,100,16.67,27.7,14.4,341.1,1009.3,100,1.6,20.7,1.8,1
13.082,80.275,2014-12-30,24.9,30.2,23.1,23.1,90.1,40,100,8.33,22.3,14.2,340.9,1007.1,87.4,2.9,73.1,6.2,4
13.082,80.275,2014-12-31,26.4,35.2,24.1,23.7,85.4,0,0,0,18.4,11.5,350.7,1007.4,58.2,5.6,161.6,13.9,7
13.082,80.275,2015-01-01,26.1,33.7,23.1,23.9,88.1,0.4,100,4.17,11.2,5.6,118,1008.8,45.5,4.7,163.7,14.1,7
13.082,80.275,2015-01-02,26.6,37.9,23.1,24.5,89.1,0.1,100,4.17,20.5,8,132.6,1011.1,41.2,4.5,190.7,16.4,7
13.082,80.275,2015-01-03,27.1,36.7,25.1,24.4,86.1,0.4,100,8.33,18.4,9.1,124.5,1012.5,41.1,5,158.5,13.6,6
13.082,80.275,2015-01-04,26.2,34.3,23.1,23.5,86,0.4,100,8.33,14.8,7,71.4,1012.5,35,4.8,171.1,14.8,6
13.082,80.275,2015-01-05,26.5,33.8,23.1,23,82.5,0,0,0,20.5,7.7,30.5,1012.2,38.3,5.4,207.8,17.9,8
13.082,80.275,2015-01-06,25.8,33.4,23.1,22.8,84.5,0,0,0,16.6,6.7,24.5,1012.6,36.6,5.3,193.6,16.7,7
13.082,80.275,2015-01-07,25.4,34.3,23.1,22.9,87.1,0,0,0,18.4,7.5,58.4,1012.5,43.5,3.7,194.9,16.8,7
13.082,80.275,2015-01-08,25.7,33.4,22.1,22.5,83.6,0,0,0,18.4,6,104,1012.8,38.3,3.9,166.4,14.3,6
13.082,80.275,2015-01-09,25.2,31.4,23.1,22.1,83.7,0,0,0,18.4,6.9,43.9,1014.1,46.7,3.9,171.9,14.9,7
13.082,80.275,2015-01-10,24.1,28.9,20.1,17.5,68.8,0,0,0,18.4,6.8,10.5,1014.5,31.7,5.1,236.2,20.2,8
13.082,80.275,2015-01-11,24.4,29.2,20.1,18.1,70.1,0,0,0,18.4,6.5,29.6,1014.6,46.7,5.1,177.8,15.4,6
13.082,80.275,2015-01-12,24,29.5,20.1,18.1,71.2,0,0,0,22.3,7.3,25.5,1013.9,35,5.8,184,15.7,8
13.082,80.275,2015-01-13,23.9,29.9,19.1,18.4,73.2,0,0,0,16.6,7.5,10.1,1013.2,29.6,5.8,243.4,20.9,8
13.082,80.275,2015-01-14,23.6,28.9,20.1,18.3,73.8,0,0,0,18.4,6.1,36.3,1012.9,35,4.5,217.1,18.7,8
13.082,80.275,2015-01-15,24.2,30.9,19.1,19.5,76.6,0,0,0,14.8,5.8,27.2,1012.9,38.9,5.1,199.3,17.1,8
13.082,80.275,2015-01-16,25.2,30.9,22.1,21.4,80.9,0.1,100,4.17,18.4,8.7,27.5,1013.3,38.3,4.4,191.9,16.4,7
13.082,80.275,2015-01-17,24.7,30.9,21.1,19.4,74.2,0,0,0,18.4,7.2,37.2,1013.8,37.5,4.6,237.9,20.6,8
13.082,80.275,2015-01-18,24,30.4,20.1,19.2,75.9,0,0,0,18.4,6,47.2,1014.5,35.9,4.8,242.4,21,9
13.082,80.275,2015-01-19,24,30.4,20.1,18.6,73.8,0,0,0,22.3,8.7,58.4,1014.3,29.7,4.5,236.9,20.6,8
13.082,80.275,2015-01-20,24.1,30.4,20.1,18.8,74,0,0,0,22.3,7.5,52.7,1015.7,33.8,4.9,246.2,21.2,9
13.082,80.275,2015-01-21,24.2,29.5,20.1,17.9,70.5,0,0,0,22.3,8,45.5,1017.1,35,5.8,250.3,21.7,9
13.082,80.275,2015-01-22,24.7,30.8,21.1,20.6,78.6,0,0,0,22.3,10.5,41.3,1016.7,75,5,159.7,13.8,7
13.082,80.275,2015-01-23,25.7,32.1,23.1,22.3,82.3,0.5,100,4.17,22.3,10.2,48,1014.3,60,5.5,169.3,14.6,7
13.082,80.275,2015-01-24,25.3,34.3,23.1,22.1,82.7,3,100,4.17,24.1,9.1,45.2,1014.5,50.9,5.3,172.2,15,7
13.082,80.275,2015-01-25,24.9,30.9,20.1,20.2,76.5,0,0,0,22.3,9.4,50.3,1015.8,39.2,6.3,224.7,19.5,8
13.082,80.275,2015-01-26,25.2,31.4,21.1,20,74.3,0,0,0,20.5,8.6,64.6,1015.1,43.5,5.6,168.4,14.6,6
13.082,80.275,2015-01-27,25.3,30.2,22.1,20.7,76.5,0,0,0,24.1,9.6,45,1013.5,50.8,4.9,140,12,5
13.082,80.275,2015-01-28,25.3,30.9,21.1,20.4,75.2,0,0,0,22.3,10.7,54.7,1012.3,44.2,4.9,152.1,13.3,5
13.082,80.275,2015-01-29,26.3,32.6,23.1,21.2,75,0,0,0,22.3,11.2,64.8,1012.7,42.5,5.3,188.7,16.4,7
13.082,80.275,2015-01-30,25.9,32,23.1,21,75.6,0,0,0,22.3,10.5,60.3,1014.4,43.3,6,222.2,19.3,8
13.082,80.275,2015-01-31,25.4,30.9,21.1,20.6,76.2,0,0,0,24.1,9.6,41.2,1014.8,38.3,5,240.9,20.9,9
13.082,80.275,2015-02-01,25.4,33.4,21.1,21,77.9,0,0,0,22.3,9,60.8,1014.5,39.2,4.8,198.9,17.2,6
13.082,80.275,2015-02-02,25.8,31.4,22.1,20.2,72.7,0,0,0,18.4,10.2,63.4,1015.8,37.5,5,234.5,20.3,8
13.082,80.275,2015-02-03,25.4,30.9,21.1,19.7,71.6,0,0,0,22.3,10.8,30.2,1017.2,43.3,5.7,213.2,18.3,8
13.082,80.275,2015-02-04,25.3,32,22.1,20.8,77.1,0,0,0,22.3,10.4,17.5,1016.6,47.5,5,220.8,19.2,8
13.082,80.275,2015-02-05,25.8,31.9,21.1,20.2,73.3,0,0,0,22.3,9.6,47.8,1015,51.7,5,240.8,20.9,9
13.082,80.275,2015-02-06,26.1,32,22.1,20.8,73.8,0,0,0,22.3,9.9,51.3,1014.5,71.7,5.5,233.8,20.1,8
13.082,80.275,2015-02-07,26.1,32,22.1,19.9,71.3,0,0,0,22.3,10.5,63.2,1014.1,33.3,6,245.9,21.3,9
13.082,80.275,2015-02-08,25.5,32.5,21.1,19.9,73.2,0,0,0,22.3,9.6,68.2,1013.8,30.3,4.8,244.8,21.2,9
13.082,80.275,2015-02-09,25.5,31.4,22.1,19.2,69.4,0,0,0,24.1,11,60.2,1013.8,38.4,5.7,222.5,19.3,9
13.082,80.275,2015-02-10,24.8,30.9,22.1,19.7,73.9,0,0,0,22.3,8.4,36.1,1014.4,59.2,5.1,180.1,15.6,7
13.082,80.275,2015-02-11,25.6,33.4,22.1,21.1,77,0,0,0,25.9,10.6,39,1013.4,45,5.4,196.1,17,7
13.082,80.275,2015-02-12,26.3,33.1,22.1,21.4,76.3,0,0,0,22.3,9.4,44,1012.8,37.5,4.9,226.1,19.6,8
13.082,80.275,2015-02-13,26.5,34.7,23.1,22,77.4,0,0,0,20.5,9.2,88.5,1012.5,36.7,4.4,256.5,22.1,9
13.082,80.275,2015-02-14,26.3,35,21.1,20.8,74.6,0,0,0,22.3,8.9,155.5,1011.5,32.1,4.7,269.9,23.3,9
13.082,80.275,2015-02-15,26.8,34.6,22.1,19.9,69.7,0,0,0,22.3,11,156.5,1011.5,15,5.7,267.9,23.1,9
13.082,80.275,2015-02-16,26.6,34.1,22.1,20.5,72.2,0,0,0,18.4,7.8,124.1,1012.7,25.8,5.4,258.3,22.4,9
13.082,80.275,2015-02-17,26,34.3,21.1,20.9,75.2,0,0,0,18.4,7.8,130.6,1012.4,32.5,5.3,256,22,9
13.082,80.275,2015-02-18,26.2,32.6,21.1,19.8,70.9,0,0,0,16.6,9.6,170.4,1011.8,25.8,5.3,270,23.4,9
13.082,80.275,2015-02-19,25.8,33.1,21.1,20.2,72.7,0,0,0,18.4,9.4,157.2,1011.7,22.5,5.8,277.8,23.8,9
13.082,80.275,2015-02-20,25.7,32.6,21.1,20.3,73.7,0,0,0,22.3,9.1,84,1012.5,24.6,5.4,269.5,23.2,9
13.082,80.275,2015-02-21,26.1,31.9,22.1,20.3,72.5,0,0,0,18.4,8.3,71.5,1012.8,30,5.8,271.6,23.5,9
13.082,80.275,2015-02-22,26.3,32.5,22.1,19.8,70.8,0,0,0,18.4,8.6,67.2,1013,19.2,5.2,276.1,23.8,10
13.082,80.275,2015-02-23,26.1,31.9,21.1,19.9,71,0,0,0,18.4,7.4,84.1,1013.3,17.5,5.6,274.9,23.8,10
13.082,80.275,2015-02-24,25.9,33.5,21.1,19.5,71.6,0,0,0,18.4,8.5,95.2,1012.4,30.4,4.9,283.5,24.5,10
13.082,80.275,2015-02-25,25.6,31.9,20.1,18.4,69.9,0,0,0,20.5,8.3,106.3,1010.9,32.9,5.8,277.6,24,10
13.082,80.275,2015-02-26,26.4,34.3,21.1,21.5,75.6,0,0,0,18.4,9.5,113.1,1009.6,42.5,6.1,258.9,22.3,9
13.082,80.275,2015-02-27,27.8,36.7,24.1,23.8,79.4,0,0,0,24.1,11.9,123.5,1009.9,46.7,5.7,210.7,18.2,8
13.082,80.275,2015-02-28,28,36.7,26.1,23.9,78.7,0,0,0,27.7,14.5,122.3,1010.2,44.9,6.1,194.8,16.9,7
13.082,80.275,2015-03-01,28.4,35.6,26.1,23.3,74.2,0,0,0,25.9,14.9,131.7,1010.5,46.7,6.1,215.5,18.6,8
13.082,80.275,2015-03-02,28.5,35.6,26.1,23.5,75.1,0,0,0,25.9,13.2,128.3,1011.7,50.8,6.4,209.9,18.2,8
13.082,80.275,2015-03-03,28.3,36.9,25.1,23.3,75.4,0,0,0,20.5,8.5,130,1011,37.8,6.1,231.8,19.9,9
13.082,80.275,2015-03-04,28.9,38.2,24.1,23.2,72.9,0,0,0,25.9,13.1,154.2,1010.5,38.3,6.3,239.2,20.6,9
13.082,80.275,2015-03-05,29.1,40.7,25.1,25,79,0,0,0,22.3,12.1,124.2,1011.6,44.2,6.1,236.2,20.4,9
13.082,80.275,2015-03-06,29,36.9,25.1,24.1,76.1,0,0,0,20.5,11.2,97.1,1012.7,36.7,7.1,217.9,18.8,9
13.082,80.275,2015-03-07,28.6,36.9,25.1,23.4,74.8,0,0,0,24.1,10.2,102.8,1012.5,40.8,6.5,235,20.3,9
13.082,80.275,2015-03-08,28.4,36.9,24.1,23.1,74,0,0,0,22.3,11.1,121.6,1013.2,41.7,5.9,236.1,20.4,9
13.082,80.275,2015-03-09,28.3,37.1,25.1,23,74.7,0,0,0,22.3,10.5,81.6,1014.2,36.7,5.4,261.4,22.5,9
13.082,80.275,2015-03-10,27.3,33.6,23.1,20.9,70.8,0,0,0,22.3,9.3,50.8,1014.1,35.8,5.1,263.9,22.9,9
13.082,80.275,2015-03-11,27.4,35,23.1,21,69.4,0,0,0,22.3,10.1,61.5,1013.6,33.3,6,252.5,21.8,9
13.082,80.275,2015-03-12,28.3,38.2,25.1,22.6,72,0,0,0,24.1,10.5,58.9,1013.6,38.8,6,242.4,21,8
13.082,80.275,2015-03-13,28.4,35.9,25.1,22.7,73,0,0,0,16.6,9.5,70.9,1013.2,35.8,6.3,270.6,23.4,9
13.082,80.275,2015-03-14,28.6,37.1,24.1,22.9,73,0,0,0,24.1,12.2,116.7,1014,34.2,5.8,280,24.3,10
13.082,80.275,2015-03-15,28.5,38.2,25.1,23.5,75.5,0,0,0,22.3,11.6,107.7,1014,38.3,6.7,228.7,19.8,8
13.082,80.275,2015-03-16,28.3,36.9,24.1,22.9,73.4,0,0,0,20.5,9.7,135.3,1013.9,31.1,6.5,276.7,23.9,9
13.082,80.275,2015-03-17,27.7,35,23.1,22,73.5,0,0,0,20.5,8.1,120.6,1012.7,33,5.4,286.2,24.7,10
13.082,80.275,2015-03-18,28.7,39.5,22.1,21.8,69.2,0,0,0,18.4,9.7,151.7,1010.5,22.5,5.8,288.7,24.8,10
13.082,80.275,2015-03-19,28.4,38.4,23.1,22.6,73,0,0,0,20.5,10.3,121.8,1011.1,18.8,6.2,291.8,25.3,10
13.082,80.275,2015-03-20,28.2,37.1,24.1,23,75.1,0,0,0,18.4,9.7,108.5,1012.3,24.5,5.6,288.4,24.9,10
13.082,80.275,2015-03-21,29.1,37.8,24.1,21.2,67.3,0,0,0,18.4,8,123.9,1012.9,11.7,5.5,300.1,25.9,10
13.082,80.275,2015-03-22,29.6,40.9,24.1,22.5,68.7,0,0,0,22.3,9.1,165.3,1011.5,6.3,5.3,300.6,26,10
13.082,80.275,2015-03-23,29.4,43.5,25.1,24.4,76.2,0,0,0,22.3,9.5,154.3,1009.9,3.8,5.3,294.7,25.5,10
13.082,80.275,2015-03-24,29.4,42.1,25.1,24.5,76.9,0,0,0,22.3,11,161.1,1009.5,1.3,5,283.4,24.7,10
13.082,80.275,2015-03-25,28.8,39.4,25.1,23.9,75.9,0,0,0,22.3,10.6,142.5,1010.6,22.8,5.5,276.6,23.9,9
13.082,80.275,2015-03-26,28.8,37.1,25.1,23.3,73.5,0,0,0,18.4,11.2,103.2,1012.5,30.4,5.5,273.7,23.8,9
13.082,80.275,2015-03-27,29.1,37.1,25.1,23.1,71.3,0,0,0,22.3,11.9,89.6,1012.9,35,6.3,283.3,24.5,9
13.082,80.275,2015-03-28,29.5,39.5,25.1,24.1,74,0,0,0,22.3,12.2,111.9,1011.6,32.4,5.9,287.9,24.8,10
13.082,80.275,2015-03-29,29.7,38.4,26.1,23.6,71.4,0,0,0,22.3,11.5,124.9,1010.1,34.2,6.6,291.7,25.3,10
13.082,80.275,2015-03-30,29.9,40.7,26.1,24.1,72.4,0,0,0,24.1,13.5,130.3,1009.8,38.3,6.6,270.5,23.6,9
13.082,80.275,2015-03-31,30.3,40.7,30.8,24.8,73.5,0,0,0,22.3,12.7,125.8,1010.1,40,6.5,248.5,21.4,9
13.082,80.275,2015-04-01,30.1,42.1,30.8,25.1,75.9,0,0,0,22.3,12.4,134.3,1009.9,38.3,6.8,242.4,21,8
13.082,80.275,2015-04-02,30.6,43.5,30.8,25,73.5,0,0,0,22.3,14.3,174,1008.6,32.5,6.9,263.8,22.9,9
13.082,80.275,2015-04-03,31.2,46.4,30.8,25.5,73.5,0,0,0,22.3,15.2,176.8,1006.3,31.3,6.7,290.5,25,10
13.082,80.275,2015-04-04,31.7,44.8,32.8,25.1,70.3,0,0,0,25.9,17.1,175.3,1004.5,29.6,6.9,280.1,24.3,10
13.082,80.275,2015-04-05,31.2,45.1,33.7,25.8,74.6,0,0,0,24.1,15.5,164.9,1005.8,35.4,6.7,281.8,24.2,10
13.082,80.275,2015-04-06,30.9,42,32.8,24.7,71.3,0,0,0,22.3,15.3,159.8,1006.7,35,7,276.4,23.9,10
13.082,80.275,2015-04-07,30.6,45.1,32.8,25.5,75.2,0,0,0,22.3,14.1,153.5,1007.5,36.7,6.8,278.2,24.1,10
13.082,80.275,2015-04-08,30.6,42.1,32.8,25.3,73.9,0,0,0,22.3,13.7,145.2,1009.3,38.3,6.8,261.4,22.6,8
13.082,80.275,2015-04-09,30.7,42.1,33.7,25.4,74.2,0.2,100,4.17,22.3,12.9,127.6,1009.7,40.9,7.2,247,21.3,9
13.082,80.275,2015-04-10,30.4,40.7,30.8,24.6,72.7,0,0,0,24.1,12.3,150,1010.2,31.3,7.3,286.2,24.8,10
13.082,80.275,2015-04-11,30.4,42,26.1,24.4,71.9,0,0,0,22.3,14,155.4,1010.3,35,6.5,284.8,24.5,10
13.082,80.275,2015-04-12,30.1,39.4,26.1,24.1,71.6,0,0,0,22.3,12.2,132.3,1011.9,43.3,6.6,268.3,23.2,9
13.082,80.275,2015-04-13,29,38.2,25.1,23.2,72.2,0.9,100,8.33,22.3,11.6,149.4,1012,55.4,5.6,145.2,12.6,7
13.082,80.275,2015-04-14,28.5,36.6,23.1,21.4,68.1,0,0,0,24.1,14.1,95.8,1010.2,53.3,6.8,286,24.6,10
13.082,80.275,2015-04-15,27.2,34.7,25.1,23.9,82.8,106,100,8.33,18.4,8.5,73.3,1010.8,64.6,5.6,176.6,15.3,7
13.082,80.275,2015-04-16,28.7,39.4,25.1,24.1,77.5,0.1,100,4.17,18.4,7.4,73.7,1011.5,42.6,5.7,233.7,20.3,9
13.082,80.275,2015-04-17,29.5,40.7,26.1,24.6,76.5,0,0,0,22.3,10.3,63,1009.7,40.6,6.1,249.2,21.4,9
13.082,80.275,2015-04-18,29.3,39.6,25.1,23.1,71.1,0,0,0,22.3,12.1,85.3,1007.8,33.3,7.3,285.3,24.8,10
13.082,80.275,2015-04-19,30,40.7,26.1,24.7,74.3,0,0,0,18.4,10.2,137.5,1008,30,7.4,281.7,24.3,9
13.082,80.275,2015-04-20,30.6,40.7,30.8,24.9,72.5,0,0,0,22.3,11.7,110.6,1009.5,35,7.5,238.3,20.6,9
13.082,80.275,2015-04-21,30.9,42.1,33.7,25.7,74.1,0.2,100,4.17,24.1,12.4,140.1,1009.5,47.1,6.9,229.6,20,8
13.082,80.275,2015-04-22,31.1,43.5,33.1,25.3,72.5,0,0,0,22.3,13.7,178.4,1008.5,38.4,6.7,284.4,24.5,9
13.082,80.275,2015-04-23,31.6,44.8,35.8,26.1,73.3,0,0,0,27.7,15.8,178.9,1008.2,30.9,6.5,289.3,25.2,10
13.082,80.275,2015-04-24,31,43.5,24.1,25.1,71.7,5,100,4.17,18.4,12.5,172.2,1009,59,6.3,270,23.2,9
13.082,80.275,2015-04-25,29.1,42.1,24.1,23,71.5,3.1,100,8.33,22.3,14,186.2,1008.4,64.9,6.3,242.6,20.7,9
13.082,80.275,2015-04-26,30.9,42.1,33.7,25.1,72.5,0,0,0,22.3,12.4,155.8,1009,56.7,7.1,263.4,22.9,9
13.082,80.275,2015-04-27,30.6,42.1,31.4,25.4,74.7,0,0,0,24.1,11.3,167.1,1010,36.7,7.2,245.9,21.3,8
13.082,80.275,2015-04-28,30.7,42.1,26.1,24.9,72.3,0,0,0,20.5,13.2,181.9,1009.3,28.8,7.2,295.8,25.7,10
13.082,80.275,2015-04-29,31.2,44.8,33.7,25.8,74.1,0,0,0,24.1,15,174.9,1008.5,35.8,6.3,281.5,24.3,10
13.082,80.275,2015-04-30,31.6,46.9,33.7,26.1,73.9,0,0,0,24.1,16.6,183.4,1008.5,34.2,6.4,300.2,26,10
13.082,80.275,2015-05-01,32.1,49.6,35.8,26.6,73.4,0,0,0,22.3,14.5,173.2,1007.6,30,6.7,297.8,25.8,10
13.082,80.275,2015-05-02,32.3,48.3,35.8,26.1,71.1,0,0,0,22.3,15.9,179,1007.3,37.1,6.2,298.3,25.8,10
13.082,80.275,2015-05-03,31.3,46.9,25.1,25.5,72.3,0,0,0,20.5,13.7,163,1007.7,37.2,5.9,292.7,25.2,9
13.082,80.275,2015-05-04,31.4,43.7,36.3,26.2,74.5,0,0,0,20.5,11.7,146.6,1008.3,44.2,5.9,260.4,22.7,9
13.082,80.275,2015-05-05,31.1,42,33.7,25.3,72.6,0,0,0,18.4,10.5,132.4,1008,40,6.3,252.3,22,8
13.082,80.275,2015-05-06,31.1,43.5,31.4,25.4,72.6,0,0,0,22.3,10.8,146.3,1007,40.8,6.5,252.3,21.9,9
13.082,80.275,2015-05-07,31.5,44.8,33.7,25.6,72.3,0,0,0,25.9,13.3,159.1,1007.8,38.3,6.6,272.5,23.5,9
13.082,80.275,2015-05-08,31.8,46.4,33.7,25.8,71.8,0,0,0,25.9,14.4,173.9,1006.6,30.8,6.2,287.9,24.8,9
13.082,80.275,2015-05-09,32,44.8,35.8,25.9,71.3,0,0,0,18.4,13.2,167.8,1005.3,27.9,6.3,277,24.1,9
13.082,80.275,2015-05-10,31.9,43.5,37.5,26.3,73.3,0,0,0,16.6,11.8,150.2,1005.7,46.1,6.8,220.1,18.9,7
13.082,80.275,2015-05-11,31.2,42.5,35.2,26.1,74.6,0,0,0,18.4,10.7,163.1,1007.4,75,6,120,10.5,6
13.082,80.275,2015-05-12,31.5,45.1,35.8,25.9,72.6,0,0,0,22.3,12,124.4,1007.3,73.7,7,263.4,22.9,9
13.082,80.275,2015-05-13,29,39,30.8,25,79.4,5.1,100,8.33,14.8,9.4,177.2,1007.2,68.8,5.8,106.3,9.1,6
13.082,80.275,2015-05-14,29.1,40.8,31.4,26.4,85.3,15,100,8.33,14.8,8,86.5,1007.4,66.7,5.6,133.7,11.5,5
13.082,80.275,2015-05-15,29.1,43.7,31.4,26.2,85.1,5,100,4.17,18.4,7.4,194.4,1007.6,59.6,5.8,188.6,16.2,7
13.082,80.275,2015-05-16,28.3,42.5,26.1,25.7,86.1,5,100,4.17,14.8,6,173.4,1006.1,54.2,5.7,145.1,12.8,7
13.082,80.275,2015-05-17,29.7,44,26.1,25.5,79.2,0,0,0,18.4,10.6,212.7,1004.5,64.2,5.8,147.5,12.9,7
13.082,80.275,2015-05-18,30.8,45.1,26.1,24.6,71.3,0,0,0,18.4,12.5,206.4,1004.3,61.7,6.5,227.6,19.6,7
13.082,80.275,2015-05-19,32.5,51,32.8,26.4,71.6,0,0,0,24.1,17.2,195.6,1004.3,37.1,6.9,285.2,24.8,9
13.082,80.275,2015-05-20,33.2,51,33.9,25.6,66.5,0,0,0,22.3,15.5,201.9,1004.2,28.2,6.5,299.3,25.9,10
13.082,80.275,2015-05-21,33.6,48.8,35.8,26.2,67.4,0,0,0,22.3,16.7,202.6,1004,30,6.5,291.9,25,9
13.082,80.275,2015-05-22,33.6,48.8,37.6,26.1,66,0,0,0,22.3,18.2,204,1004.2,37.5,6.7,268.2,23.2,9
13.082,80.275,2015-05-23,33.9,46.4,36.3,25.7,64.3,0,0,0,24.1,17.3,218.2,1004,39.2,6.4,284.3,24.7,9
13.082,80.275,2015-05-24,34.7,51,36.3,25.3,60.2,0,0,0,20.5,15.9,220.5,1004.3,34.2,6.5,293.8,25.4,9
13.082,80.275,2015-05-25,34.8,48.3,36.3,24.6,58.9,0,0,0,22.3,17.3,227.5,1003.9,30,6.7,292.9,25.4,9
13.082,80.275,2015-05-26,33.7,46,36.3,25,62.7,0,0,0,24.1,16.1,222.3,1004.5,40.8,6.2,282.8,24.4,9
13.082,80.275,2015-05-27,31.6,46,29.3,24.7,67.8,0,0,0,27.7,19.7,204.2,1004.3,55,5.3,261.7,22.6,9
13.082,80.275,2015-05-28,32.2,46,28.6,22,56.4,0,0,0,29.5,15.2,222.2,1003.3,58.6,6.2,283.8,24.6,9
13.082,80.275,2015-05-29,32.9,47.3,34.7,25.3,66.3,0,0,0,25.9,15.2,192.9,1003.5,30.8,6.1,291.6,25.2,9
13.082,80.275,2015-05-30,32.1,43.3,31.4,22.9,59.1,0,0,0,22.3,12.5,176.1,1004.8,30.8,6.3,293.2,25.5,10
13.082,80.275,2015-05-31,32.6,48.3,35.6,25.9,69.2,0,0,0,18.4,15.4,194.9,1003.9,38.3,6.3,288.8,25,9
13.082,80.275,2015-06-01,30,40.8,31.4,23.7,69.2,0.5,100,4.17,18.4,11.9,179.9,1004.3,76.5,5.5,182.4,15.8,7
13.082,80.275,2015-06-02,31.1,43.4,30.2,24.4,70,1.2,100,8.33,22.3,11.6,245.8,1005.1,54.2,5.5,232.9,20,8
13.082,80.275,2015-06-03,30.7,42,26.1,23.5,67.3,0,0,0,18.4,13.2,202,1004.9,52.3,6.7,187.8,16.3,8
13.082,80.275,2015-06-04,31.6,43.5,35.8,26.1,74.1,0,0,0,22.3,14.5,171.5,1005.3,30,6.5,274.4,23.6,9
13.082,80.275,2015-06-05,31.9,46.4,35.8,26.1,72.7,0,0,0,25.9,14.5,174,1005.8,37.5,7.5,268.4,23,9
13.082,80.275,2015-06-06,31.6,45.1,31.4,24.3,65.9,0,0,0,20.5,12.7,179.5,1005.3,55,6.4,222.3,19.2,8
13.082,80.275,2015-06-07,32.6,49.6,35.8,26,69.9,0,0,0,22.3,16.5,184.1,1004.7,73.3,6.5,270.9,23.5,9
13.082,80.275,2015-06-08,32.2,43.5,35.8,25.6,69.7,0,0,0,25.9,17,179,1005.3,41.7,6.4,256.7,22.2,9
13.082,80.275,2015-06-09,32,43.5,32.9,24.6,65.9,0,0,0,22.3,15.2,169.4,1006.1,44.4,7.1,244.6,20.9,8
13.082,80.275,2015-06-10,31.2,43.4,26.1,24.5,69.8,0.4,100,4.17,22.3,14.4,236,1005.2,57.1,6.6,264.4,22.8,9
13.082,80.275,2015-06-11,32.9,45.1,31.4,24.3,62.9,0,0,0,25.9,16.7,224,1004,37.5,6.8,271.3,23.4,9
13.082,80.275,2015-06-12,31.2,42.1,26.1,24.8,69.6,23,100,4.17,18.4,12.3,230.6,1005.3,39.3,6.5,220.8,19.1,8
13.082,80.275,2015-06-13,32.2,42.2,35.8,24.9,68.1,0,0,0,22.3,16.1,198.8,1004.3,35.6,7.4,233.3,20.3,9
13.082,80.275,2015-06-14,31.6,44.7,29.3,24.4,67.4,4,100,4.17,22.3,14.8,229.7,1003.5,50.8,6.3,243.7,21.2,9
13.082,80.275,2015-06-15,32.3,40.9,31.4,22.3,57.5,0,0,0,20.5,13.7,259,1003,66.7,6.5,245,21.2,9
13.082,80.275,2015-06-16,31.5,39.5,31.4,22.2,58.5,0.1,100,4.17,22.3,13.4,257.7,1002.7,56.7,6.5,140.5,12.1,6
13.082,80.275,2015-06-17,28.7,36.7,30.2,24.1,76.6,5,100,8.33,16.6,10.1,230.3,1002,81.7,5.3,58.3,5,2
13.082,80.275,2015-06-18,28.2,33.7,29.3,23.3,75.2,0.5,100,4.17,14.8,8.4,254.4,1002.4,90.4,4.6,55.9,4.9,2
13.082,80.275,2015-06-19,29.1,38,26.1,23.9,74.8,0.1,100,4.17,16.6,11.1,238.2,1002.3,90.4,5.3,82.7,7.1,4
13.082,80.275,2015-06-20,30.7,38.4,31.4,22.8,63.5,0,0,0,25.9,16.1,235.6,1001.7,86.7,5.9,111.2,9.6,8
13.082,80.275,2015-06-21,32.7,42.4,30.2,21.3,52.1,0,0,0,37.1,18.5,230.4,1001.9,59.2,6.5,156.9,13.4,5
13.082,80.275,2015-06-22,33.4,42.4,30.8,21.3,50.3,0,0,0,27.7,19.3,225.2,1003,42.5,6.5,191.5,16.5,7
13.082,80.275,2015-06-23,32.8,43.5,31.4,22.1,54.9,1.6,100,8.33,29.5,16.7,224.8,1004.1,51.7,6.6,235.3,20.3,8
13.082,80.275,2015-06-24,32.9,44.8,32.1,23.4,60.2,0,0,0,24.1,17.3,216,1005.1,40.8,7,250.2,21.6,8
13.082,80.275,2015-06-25,33.8,43.7,33.4,22.6,54,0.5,100,4.17,27.7,16.6,219.9,1004.4,45,6.8,205.7,17.6,7
13.082,80.275,2015-06-26,33.8,42.2,33.4,22,51,0,0,0,27.7,16.9,242.6,1003.6,55,6.7,180.9,15.7,7
13.082,80.275,2015-06-27,33,42.4,33.8,22.6,56.2,0.4,100,4.17,26.3,18.3,234.4,1004,68.5,5.5,186.4,16.1,6
13.082,80.275,2015-06-28,31.6,42.7,31.4,23.2,63.5,28,100,12.5,20.5,15.4,223.5,1005.8,53.8,6,237.5,20.4,8
13.082,80.275,2015-06-29,32,42.4,32.1,23.8,64.8,0,0,0,22.3,15.2,207.6,1007.2,45,6.3,247.6,21.3,8
13.082,80.275,2015-06-30,31.8,41.5,29.7,23.3,62.7,0.2,100,4.17,25.9,14.2,226.5,1007.2,41.7,6.3,235,20.3,8
13.082,80.275,2015-07-01,31.9,42.4,32.8,23.7,64,0,0,0,22.3,14.5,214.9,1007.4,55.8,6.6,259.2,22.5,9
13.082,80.275,2015-07-02,32.4,41.5,33.7,23.4,61.8,2,100,4.17,24.1,15.2,222.7,1007.7,45.8,6.3,265.4,22.9,9
13.082,80.275,2015-07-03,32.4,41.5,34.7,23.6,62.1,0,0,0,22.3,15.2,222,1007.3,69.2,6.8,229.2,19.9,8
13.082,80.275,2015-07-04,33.3,43.5,33.7,23.4,58.3,0,0,0,25.9,17.3,244.8,1006.1,40.8,6.8,269.8,23.2,8
13.082,80.275,2015-07-05,34.1,44,33.4,22.4,52.8,0,0,0,20.5,15.5,241.8,1004.3,20.8,6.7,271.2,23.6,9
13.082,80.275,2015-07-06,33.8,41.6,33.1,22,52.9,0,0,0,27.7,15.5,247.4,1003.5,30.1,6.6,294.1,25.3,9
13.082,80.275,2015-07-07,33.2,40.8,31.4,20.9,51.2,0,0,0,25.9,18.1,235.2,1003.3,32.1,6.7,270,23.4,9
13.082,80.275,2015-07-08,32.9,42.7,32.6,22.8,57.7,0,0,0,25.9,17,228.7,1003.9,38.8,6.2,239.7,20.7,9
13.082,80.275,2015-07-09,33.2,42.7,32.6,22.4,54.9,2,100,4.17,22.3,16.9,245.2,1004.5,44.2,6.6,225.8,19.5,8
13.082,80.275,2015-07-10,32.8,43.7,33.4,22.9,58,0.5,100,4.17,27.7,16.7,247.1,1002.9,56.7,6.1,201.1,17.2,7
13.082,80.275,2015-07-11,31.6,43.7,26.1,23.6,65.1,8,100,4.17,22.3,13.6,221,1003.8,57.5,6.2,195.6,17,7
13.082,80.275,2015-07-12,32.1,42.4,32.1,23.5,62.8,0.1,100,4.17,22.3,14.6,212.8,1004.2,40,6.5,254,22,9
13.082,80.275,2015-07-13,32.5,43.7,30.2,23.6,61.6,0,0,0,22.3,16.1,217.8,1003.7,43.3,6.5,258.8,22.3,9
13.082,80.275,2015-07-14,32.1,42.2,32.1,23.8,63.2,2,100,4.17,22.3,13.7,232.6,1002.5,71.7,5.6,216.3,18.7,8
13.082,80.275,2015-07-15,30.9,43.7,32.8,24.4,69.6,0,0,0,20.5,11.1,235.2,1001.7,81.7,5.8,166.3,14.4,6
13.082,80.275,2015-07-16,32,41.5,32.1,23.1,61.7,0,0,0,24.1,14.4,241.2,1001.2,36.3,6.1,219.3,19,8
13.082,80.275,2015-07-17,30.9,42.4,30.8,23.7,68.2,3,100,4.17,24.1,14,231.3,1001.8,70.8,5.8,205.2,17.8,7
13.082,80.275,2015-07-18,30.7,43.5,26.1,24.1,70.5,45,100,12.5,20.5,14,221.8,1003,67.9,6.2,213.6,18.6,8
13.082,80.275,2015-07-19,30.6,42.1,26.1,23.6,68,0.1,100,4.17,22.3,14.2,249.4,1003.3,77.9,6.3,187.9,16.1,7
13.082,80.275,2015-07-20,31.3,42.2,29.7,22.2,59.6,3,100,4.17,22.3,16.6,232.2,1002.5,52.6,6.1,170.4,14.6,5
13.082,80.275,2015-07-21,31.3,43.4,29.7,23.7,65.9,7,100,8.33,24.1,16.4,221.2,1002.9,42.9,6.6,219.8,19.1,8
13.082,80.275,2015-07-22,29.1,40.7,26.1,23.9,74.7,25,100,4.17,24.1,16.1,218.2,1004.1,58.8,6.2,243.5,21.1,8
13.082,80.275,2015-07-23,29.5,43.3,26.1,24.3,75.1,17,100,4.17,25.9,14.2,212.6,1005.8,70.4,5.9,251.2,21.7,9
13.082,80.275,2015-07-24,30.2,43.3,26.1,24.7,74.3,0,0,0,20.5,14.1,209.2,1006.5,50,6.7,245.7,21.2,8
13.082,80.275,2015-07-25,31.1,42.1,32.8,24.8,70.8,0,0,0,24.1,14.2,220.5,1005.9,44.2,6.5,225.3,19.4,9
13.082,80.275,2015-07-26,30.9,40.8,30.2,23.9,68,0,0,0,18.4,14.8,216.8,1006.4,53.8,7,166.3,14.6,6
13.082,80.275,2015-07-27,29.6,43.3,26.1,24.5,76.4,6.9,100,8.33,22.3,11.6,240.4,1007.4,81.3,5.8,146.4,12.7,5
13.082,80.275,2015-07-28,30,43.7,26.1,24.1,72.3,13,100,4.17,20.5,13.2,232.3,1007.6,80,6.3,238.7,20.5,9
13.082,80.275,2015-07-29,30.2,40.9,26.1,23.9,70.9,0,0,0,20.5,14.5,212.8,1006.8,62.5,6.7,250.7,21.7,8
13.082,80.275,2015-07-30,31.1,40.8,32.8,24,68.1,0,0,0,18.4,13.7,224.8,1006.8,47.5,6.2,254.1,21.9,9
13.082,80.275,2015-07-31,30.8,39.5,32.8,24.2,69.1,0,0,0,20.5,13.6,223.1,1006.5,49.2,6.5,194.5,16.6,8
13.082,80.275,2015-08-01,29.4,42.1,24.1,24.6,76.9,56,100,4.17,20.5,7.8,241.9,1007.3,80,5.3,197.6,17.2,7
13.082,80.275,2015-08-02,28.5,40.7,25.1,24.5,79.7,9.4,100,12.5,18.4,9.4,237.8,1007.3,79.6,6,108.7,9.2,5
13.082,80.275,2015-08-03,30.9,42.1,32.8,24.9,71.6,8.6,100,4.17,16.6,11.1,215.1,1005.8,75,6,236.4,20.4,8
13.082,80.275,2015-08-04,30.1,44.8,25.1,23.8,70.4,46,100,4.17,16.6,9.7,241.3,1005.5,74.5,6.2,214.6,18.6,8
13.082,80.275,2015-08-05,29.2,42.1,24.1,24.3,76.6,30.2,100,12.5,22.3,9.8,195.1,1005.4,72.5,5.7,217.2,18.6,8
13.082,80.275,2015-08-06,30.8,42.1,30.8,24,68.2,0.4,100,4.17,22.3,13.3,264.4,1004.1,45.8,6.9,215.7,18.6,9
13.082,80.275,2015-08-07,30.3,42,30.8,24.5,71.7,6,100,4.17,15.5,11.6,217.4,1003.9,55.6,6.1,196.1,16.9,7
13.082,80.275,2015-08-08,30.9,43.3,30.2,24.6,71.5,0.1,100,4.17,22.3,9.2,268,1003.9,80.4,6.3,214.8,18.5,8
13.082,80.275,2015-08-09,31.4,42.1,32.8,24.3,67.2,0,0,0,22.3,11.8,227,1002.1,68.3,6.8,203,17.6,7
13.082,80.275,2015-08-10,31.4,42.1,32.1,24,65.9,1,100,4.17,22.3,13.3,245.8,1001.7,61.7,6.7,196.3,16.7,7
13.082,80.275,2015-08-11,30.5,42,30.8,24.6,72.1,0,0,0,18.4,9.3,198.6,1003.4,73.3,6.5,193.9,16.8,7
13.082,80.275,2015-08-12,30.6,39.5,32.1,23.9,68.3,0.1,100,4.17,18.4,10.7,251.3,1004.5,71.7,6.3,165.5,14.2,6
13.082,80.275,2015-08-13,31.1,42,30.8,24.1,66.9,0,0,0,14.8,9.3,238.6,1004.8,37.5,6.2,213,18.3,8
13.082,80.275,2015-08-14,30.7,42.1,30.8,25.1,73.4,0,0,0,20.5,9,151.8,1005,40.8,6.3,263.4,22.7,9
13.082,80.275,2015-08-15,31.4,45.1,32.1,25.2,71,0,0,0,18.4,9.8,181.2,1006,37.9,6.5,240.6,20.9,9
13.082,80.275,2015-08-16,29.4,42.3,26.1,25.4,79.7,10,100,8.33,16.6,9.1,248.3,1007.7,63.3,6.8,222.2,19.1,7
13.082,80.275,2015-08-17,30.6,43.5,30.2,25.4,75,0,0,0,14.8,7.9,175.3,1006.9,35.4,7.1,245.2,21.1,9
13.082,80.275,2015-08-18,30.7,43.7,31.4,25.8,75.8,0,0,0,13,8.1,155.8,1007.7,38.3,6.4,239.9,20.8,8
13.082,80.275,2015-08-19,31,40.7,34.7,25.3,72.5,0,0,0,22.3,11,160.7,1008.4,35.8,6.8,239.8,20.6,7
13.082,80.275,2015-08-20,30.9,48.3,29.7,25.4,73.2,0,0,0,18.4,11.9,192.2,1008,42.5,6.7,262.3,22.7,9
13.082,80.275,2015-08-21,27.6,40.8,24.1,24.6,84.4,33,100,16.67,13,7.7,220.7,1008.5,94,5.3,247,21.5,9
13.082,80.275,2015-08-22,27.9,39.3,24.1,24.5,82.7,0.9,100,4.17,18.4,8.9,249.1,1007.2,81.7,6.4,100,8.6,3
13.082,80.275,2015-08-23,29.4,40.7,25.1,24.4,75.8,0.9,100,4.17,18.4,10.4,279,1006.5,68.3,6.7,156.4,13.3,6
13.082,80.275,2015-08-24,30.5,42,26.1,23.9,68.8,0,0,0,22.3,12,256.8,1006.9,43.3,7.1,234.8,20,8
13.082,80.275,2015-08-25,31.1,40.9,30.8,23.8,66.4,0,0,0,24.1,10.2,263.7,1006,40.8,6.7,265.4,22.9,9
13.082,80.275,2015-08-26,31.4,40.8,32.8,24.1,66.3,0,0,0,18.4,11.5,229.7,1004.6,45,6.6,184.6,16,7
13.082,80.275,2015-08-27,29.1,39.3,26.1,24.4,76.1,0.8,100,4.17,20.5,12.8,229.8,1004.8,90.4,5.6,179.8,15.6,7
13.082,80.275,2015-08-28,30,39.5,29.7,24.1,71.7,0.4,100,4.17,18.4,10.3,234.5,1005.5,73.3,6.8,204.9,17.8,7
13.082,80.275,2015-08-29,31,40.9,30.8,24.1,69.1,0,0,0,18.4,10.4,228.5,1005.3,29.2,6.9,278.4,24,10
13.082,80.275,2015-08-30,31.4,43.5,32.8,24.9,69.4,1,100,4.17,18.4,11.2,216,1006.2,60.8,6.2,260.3,22.4,9
13.082,80.275,2015-08-31,30.1,43.5,25.1,24.8,75.2,1,100,4.17,22.3,10.7,238.5,1007.3,53.3,6.4,251.6,21.7,9
13.082,80.275,2015-09-01,31.8,44.8,33.7,25.4,70.2,0,0,0,18.4,11.7,205.4,1006.2,34.6,6.3,263.7,22.8,9
13.082,80.275,2015-09-02,31.3,46.9,31.4,25.2,71.1,0,0,0,18.4,12.4,188.4,1005.8,38.8,6,247.2,21.3,9
13.082,80.275,2015-09-03,30.2,42.1,30.2,25.6,76.9,0,0,0,18.4,13,199.4,1007.4,68.3,6.2,229.6,19.8,8
13.082,80.275,2015-09-04,30.9,43.7,33.7,25.8,75.4,0,0,0,20.5,13.4,153,1009.3,42.5,6.2,261.1,22.6,9
13.082,80.275,2015-09-05,30.6,43.7,31.4,26.1,77.9,0,0,0,18.4,11.8,163.7,1010,37.5,6,241.8,20.9,9
13.082,80.275,2015-09-06,31.2,43.3,32.8,25.3,72.2,0,0,0,22.3,14.8,196.2,1009.2,39.2,6.8,250.6,21.5,9
13.082,80.275,2015-09-07,28.9,37.9,26.1,24.1,75.4,0,0,0,20.5,12.2,223.4,1009.6,85,6,160.5,14,7
13.082,80.275,2015-09-08,29.6,39.5,26.1,24.5,76.4,0.4,100,4.17,22.3,14.2,218.7,1008.8,60,6.4,207.1,17.9,8
13.082,80.275,2015-09-09,30.3,40.7,30.2,24.6,72.8,0,0,0,16.6,12,199.2,1008.1,60,6.4,198.3,17.1,8
13.082,80.275,2015-09-10,28.9,40.7,24.1,24.8,79.7,34.2,100,8.33,37.1,9.6,221.5,1008,90,5.7,204.5,17.8,8
13.082,80.275,2015-09-11,30.1,39.4,31.4,25.1,76.4,0.5,100,4.17,16.6,9.5,242.7,1007.1,85,5.9,126,10.9,5
13.082,80.275,2015-09-12,30.2,38.4,31.4,24,70.6,0,0,0,14.8,10.5,253.3,1007,80.4,6.3,159,13.7,6
13.082,80.275,2015-09-13,30.6,40.9,30.8,24,69.6,0.1,100,4.17,22.3,15.1,214.7,1007.2,35.8,6.9,240.8,20.9,9
13.082,80.275,2015-09-14,30.4,40.7,30.2,23.7,68.7,0,0,0,27.7,12.4,232.7,1006.2,60.8,6,181.7,15.6,7
13.082,80.275,2015-09-15,31.5,40.9,30.2,23.2,62.8,0,0,0,25.9,14.2,251.2,1004.7,57.5,6.3,158.4,13.7,6
13.082,80.275,2015-09-16,32,42.1,31.4,22.9,59.6,0,0,0,22.3,14.2,250.1,1002.7,33.3,6.3,254.2,22,9
13.082,80.275,2015-09-17,31.7,42.1,30.8,23.4,62.9,5,100,4.17,20.5,13.7,253.2,1002.3,49.2,6.4,232.6,19.9,9
13.082,80.275,2015-09-18,30.9,40.8,30.8,24,68.1,0,0,0,20.5,12.2,222.7,1003.3,64.2,6,213.3,18.5,7
13.082,80.275,2015-09-19,30.5,40.8,30.8,25.5,76,0.9,100,4.17,14.8,8.1,202.8,1004.5,86.7,6.1,147,12.8,5
13.082,80.275,2015-09-20,31.1,42.3,33.7,25.7,74.6,0,0,0,18.4,12,202,1004.8,73.7,6.5,218.5,18.9,8
13.082,80.275,2015-09-21,29.7,39.5,25.1,24.6,76.7,30,100,8.33,14.8,8.7,226.8,1006.4,58.8,6.5,257.1,22.3,9
13.082,80.275,2015-09-22,30.6,42.3,33.7,26,77.3,0,0,0,18.4,11.4,155.5,1007.1,40,6.4,244.7,21,8
13.082,80.275,2015-09-23,31,43.5,34.7,25.8,75.1,0,0,0,18.4,11,166.3,1008.4,35.4,6.3,264.9,23,9
13.082,80.275,2015-09-24,31,45.1,31.4,25.8,74.9,0,0,0,22.3,12.8,177,1007.8,38.3,6.3,271.6,23.5,9
13.082,80.275,2015-09-25,31.3,45.1,32.8,25.6,73.5,0,0,0,18.4,12.2,183.2,1006.2,35.4,6.6,266.8,23,9
13.082,80.275,2015-09-26,30.5,43.7,26.1,25.2,74.8,0,0,0,18.4,11.9,262.6,1006.5,47.5,6,262.6,22.6,9
13.082,80.275,2015-09-27,30.1,43.7,30.8,25.7,78.1,0,0,0,18.4,8.6,261.7,1006.6,51.9,5.6,232.3,20,8
13.082,80.275,2015-09-28,29.6,40.7,30.2,24.8,76.1,1,100,4.17,18.4,9.3,96.2,1006.4,71.3,5.4,234.7,20.1,8
13.082,80.275,2015-09-29,28.1,40.8,26.1,24.7,81.9,0,0,0,18.4,7.6,136.8,1007,76.7,5.7,120.1,10.3,6
13.082,80.275,2015-09-30,29.3,40.7,26.1,24.9,78.2,0.1,100,4.17,18.4,6.2,103.6,1008.6,76.7,5.4,217,18.6,7
13.082,80.275,2015-10-01,28.6,39.3,26.1,25.5,83.5,1.6,100,12.5,18.4,8.5,167.3,1009.8,78.3,5.5,194,16.7,8
13.082,80.275,2015-10-02,30.3,43.5,26.1,25.2,75.4,13,100,4.17,22.3,12.2,213.9,1010.2,60.8,6.4,222.7,19.1,8
13.082,80.275,2015-10-03,28,40.8,25.1,25.3,86,12,100,8.33,16.6,8.5,259.2,1010.2,82.5,5.8,167.8,14.5,6
13.082,80.275,2015-10-04,29.8,43.7,26.1,25.6,79.1,0.4,100,4.17,25.9,10.1,263.4,1009.2,60.8,5.7,175.6,15.1,6
13.082,80.275,2015-10-05,27.4,42.3,25.1,25,87.5,15.6,100,4.17,24.1,7.9,251.7,1009,73.8,4.9,159.1,13.6,5
13.082,80.275,2015-10-06,29.5,42.1,25.1,24.8,77.4,0,0,0,14.8,9.6,216.9,1007.6,43.9,6.7,239.6,20.6,9
13.082,80.275,2015-10-07,29.5,42.3,26.1,25.1,78.5,13,100,8.33,18.4,10.5,219.2,1007.8,60.3,6.8,238.2,20.5,9
13.082,80.275,2015-10-08,29.4,44,26.1,25.6,81.5,15,100,8.33,16.6,10.3,205.8,1008.2,71.7,5.5,224.1,19.3,8
13.082,80.275,2015-10-09,29.6,42.5,26.1,25.8,80.8,0,0,0,14.8,8.7,210.3,1007.9,88.3,6.1,200.7,17.2,7
13.082,80.275,2015-10-10,30.1,43.5,26.1,25.5,77.9,0.2,100,4.17,18.4,9.3,215.9,1008.6,67.5,6.1,213.5,18.5,8
13.082,80.275,2015-10-11,28.8,39,25.1,24.8,79.7,19,100,4.17,22.3,9.7,226.2,1010.1,66.7,6.1,212.8,18.2,8
13.082,80.275,2015-10-12,30.4,43.5,31.4,25.7,77.1,0,0,0,20.5,7.7,209.3,1010.7,50,6,251.1,21.8,8
13.082,80.275,2015-10-13,29.6,43.7,26.1,25.2,78.2,0,0,0,14.8,7.1,159.1,1010.7,40.8,6.2,252.6,21.7,9
13.082,80.275,2015-10-14,29.8,42,25.1,24.7,76.2,0,0,0,16.6,6.5,163,1011,32.5,5.6,256.1,22.2,9
13.082,80.275,2015-10-15,29.4,43.7,25.1,25,78.1,0,0,0,18.4,7.9,145.5,1010.9,31.7,5.9,253.6,21.9,9
13.082,80.275,2015-10-16,29,39.4,25.1,24.1,76,0,0,0,18.4,8.3,76.6,1011.1,31.7,5.5,240.4,20.6,8
13.082,80.275,2015-10-17,29.1,42.1,25.1,24.5,77.3,0,0,0,18.4,8.5,62.2,1011.6,24.2,5.7,213.2,18.4,7
13.082,80.275,2015-10-18,29.6,40.7,26.1,24.8,76.7,0,0,0,18.4,7.8,57.6,1012,37.1,5.2,217.1,18.7,9
13.082,80.275,2015-10-19,29.6,42.3,30.8,25.9,81.1,3,100,8.33,22.3,9.7,65.4,1011.6,45,5.5,231.7,20.1,8
13.082,80.275,2015-10-20,29.8,42.1,26.1,25.1,77.2,0,0,0,22.3,7.4,83.1,1010.2,37.5,5.8,225.8,19.5,8
13.082,80.275,2015-10-21,29.5,40.7,30.8,24.5,75.4,0,0,0,18.4,8.5,72.8,1009.8,35.8,6,240.8,20.6,8
13.082,80.275,2015-10-22,28.5,38.2,25.1,22.6,72.6,0,0,0,20.5,6.8,44.9,1010.8,33.3,5.7,267,23.1,9
13.082,80.275,2015-10-23,26.3,35.2,24.1,23.5,84.9,5,100,8.33,22.3,6.2,62.4,1010.6,67.9,4,190.4,16.4,8
13.082,80.275,2015-10-24,27.6,36.9,24.1,23.2,78.9,0,0,0,14.8,6.1,52,1010.3,45.8,5.2,253.6,21.7,9
13.082,80.275,2015-10-25,28.4,39.4,25.1,23.7,76.8,0,0,0,20.5,6.9,41.9,1011.1,41.7,5.4,195.1,17,7
13.082,80.275,2015-10-26,28.4,38.2,25.1,23.8,77.5,0.4,100,4.17,22.3,8.3,51.4,1011.6,46.6,6,236,20.2,9
13.082,80.275,2015-10-27,28.8,39.4,26.1,24.2,77.3,0.5,100,4.17,22.3,10.1,22.1,1011.1,70.8,5.4,163,14,7
13.082,80.275,2015-10-28,27.4,40.8,23.1,25,87.7,27.5,100,12.5,14.8,5.4,89.7,1011.2,80.8,4.2,152.2,13.1,6
13.082,80.275,2015-10-29,27.3,36.3,25.1,25.1,88.3,13,100,4.17,14.8,5.7,19.7,1010.4,73.3,4.9,154.7,13.3,6
13.082,80.275,2015-10-30,26.9,37.9,25.1,25.4,91.9,23,100,8.33,14.8,4.6,223.5,1009.3,57.5,4.5,92.1,7.9,5
13.082,80.275,2015-10-31,26.9,37.9,24.1,25.3,91.4,10,100,4.17,18.4,6,203.1,1009.7,81.3,4.8,69.8,6.2,3
13.082,80.275,2015-11-01,26.9,40.8,25.1,25.1,90.8,88,100,8.33,11.2,3.7,323.6,1010.7,75.4,4.6,107.6,9.4,7
13.082,80.275,2015-11-02,27.9,39.3,24.1,24.9,84.2,12,100,8.33,14.8,6.9,218.1,1011.7,76.3,5.5,112,9.6,5
13.082,80.275,2015-11-03,27.7,40.8,26.1,25.6,89,0.4,100,8.33,20.5,5.5,134.4,1011.8,76.8,4.7,192.3,16.6,8
13.082,80.275,2015-11-04,28.2,39.3,25.1,25.5,86.1,3,100,4.17,18.4,7.4,35.2,1010.9,65,4.9,203.5,17.6,8
13.082,80.275,2015-11-05,27.8,39,26.1,26,90.6,0.2,100,4.17,13,3.1,20,1010.5,65,4.9,191.5,16.5,7
13.082,80.275,2015-11-06,28.6,40.8,26.1,25.5,83.8,0,0,0,22.3,8.2,29.2,1009.5,49.2,6,202.3,17.5,8
13.082,80.275,2015-11-07,27.1,36.3,25.1,25.3,90.3,0.512,100,4.17,15.1,5.8,9.4,1010.4,67,4.9,158.8,13.8,6
13.082,80.275,2015-11-08,25.8,30.8,25.1,25.1,96.1,175,100,45.83,24.1,12.8,14.5,1009.5,88.3,3.2,52.6,4.4,3
13.082,80.275,2015-11-09,26.3,31.4,25.1,24.9,92.5,192,100,25,37.1,24.9,52.1,1004.4,94.2,2.5,42.8,3.7,2
13.082,80.275,2015-11-10,26.2,34.7,25.1,24.1,88.5,28,100,12.5,25.9,14.8,130.8,1004.7,90.4,4.1,143.8,12.4,6
13.082,80.275,2015-11-11,26.7,34.7,24.1,25.2,91.7,74,100,8.33,16.6,8.3,70.5,1009.2,91.5,3.4,131,11.2,5
13.082,80.275,2015-11-12,27.4,39.3,24.1,25.5,90.2,31,100,8.33,18.4,7.6,31,1011,81.7,4.8,150.7,13,5
13.082,80.275,2015-11-13,25.4,26.1,25.1,24.9,97.3,122,100,20.83,16.6,6.8,358,1011.9,97.5,2.2,61.2,5.3,4
13.082,80.275,2015-11-14,26.5,32.9,24.1,23.9,85.8,0,0,0,18.4,9,4,1009.8,90.4,3.7,134.6,11.6,6
13.082,80.275,2015-11-15,25.1,26.5,24,24.3,95.5,45.3,100,95.83,19.8,12.3,359.5,1008.7,100,1.5,45,3.9,2
13.082,80.275,2015-11-16,25.8,38,24,25.2,96.4,117.7,100,100,27.7,13,30.8,1006.7,90.8,3.2,21.1,1.8,2
13.082,80.275,2015-11-17,25.3,31.8,24,22.7,86.1,0.2,100,8.33,13,8.3,280.5,1008,80.1,6.1,100.6,8.8,4
13.082,80.275,2015-11-18,25.5,32.6,24,23.7,89.7,10.1,100,45.83,13,5.5,321.4,1009,88,6.2,158.6,13.8,6
13.082,80.275,2015-11-19,26.3,35.5,25,25.5,95.9,29.9,100,100,13,2.7,32.9,1010.5,94,2.8,81.1,6.9,4
13.082,80.275,2015-11-20,27.2,37.6,24,25,88.8,14.8,100,100,20.5,8.8,63.4,1011.2,84.8,4.7,139.6,12.2,6
13.082,80.275,2015-11-21,27.3,37.6,25,25.5,90.1,6.4,100,87.5,22.3,8.9,47.9,1011,83.4,4.1,177.3,15.3,7
13.082,80.275,2015-11-22,27,38.7,25,25.4,91.3,19.1,100,100,25.9,10.9,46.2,1011.1,79.4,4.7,114.1,9.9,4
13.082,80.275,2015-11-23,26.3,39,24,24.8,92.3,16.2,100,100,18.4,10.6,68.4,1012.2,95.5,3.2,142.1,12.2,6
13.082,80.275,2015-11-24,26.8,36.4,24,24,85.6,2,100,54.17,18.4,7.1,30.4,1012.5,58.4,5.6,183,15.7,7
13.082,80.275,2015-11-25,27.3,34.4,24,23.4,80.8,0.8,100,16.67,16.6,6.7,11,1012.1,58,4.7,196.7,17,7
13.082,80.275,2015-11-26,27.3,34,26,23.9,82.2,3.3,100,62.5,18.4,10,26.9,1012,86.4,4.4,163.9,14.1,7
13.082,80.275,2015-11-27,26.8,34.4,24,22.3,77.2,0.1,100,4.17,18.4,9.3,33.6,1011,63.8,6.3,218.3,18.8,8
13.082,80.275,2015-11-28,26.5,35,23,23.2,83,0.3,100,8.33,14.8,5.9,9.6,1012.7,59.6,4.5,175.7,15.1,7
13.082,80.275,2015-11-29,27.4,37.6,25,25,87.4,17.4,100,100,25.9,11.3,49.5,1013.2,85.3,3.8,140.9,12.3,6
13.082,80.275,2015-11-30,26,35.5,24,24.7,92.6,12,100,95.83,18.4,8.4,22.1,1013.6,93,4,84.6,7.4,3
13.082,80.275,2015-12-01,25.2,26,24,24.5,95.8,49.1,100,100,27.7,11,33.2,1012.3,100,2,35.6,3,2
13.082,80.275,2015-12-02,25.1,30.5,24,23.8,92.9,52.2,100,91.67,13.3,9.3,64,1012.1,99.5,3.9,24.1,2,1
13.082,80.275,2015-12-03,25.1,32.6,23,23.6,91.3,24.1,100,100,18.4,10.2,39.1,1011.9,95,3.7,44.1,3.7,2
13.082,80.275,2015-12-04,25.8,34.4,23,23.9,89.5,9.2,100,95.83,25.9,15.3,32.5,1011.8,94.5,3.4,105.3,9.1,4
13.082,80.275,2015-12-05,25.5,31.8,24,23.4,88.4,10,100,95.83,22.3,10.1,44.3,1012,89.9,4,95.6,8.3,5
13.082,80.275,2015-12-06,25.4,26,24,24.1,92.4,20.9,100,100,22.3,10.5,29.9,1012.6,92,3,86.2,7.4,4
13.082,80.275,2015-12-07,26.9,35,25,23.1,80,0.5,100,16.67,22.3,9.4,25.7,1012.9,75,4.7,184.5,15.9,7
13.082,80.275,2015-12-08,26.1,31.9,24,22.2,79.9,1.9,100,16.67,18.4,8.7,4.7,1013.6,73.8,4.9,188.1,16.3,8
13.082,80.275,2015-12-09,26.4,36.1,24,24.4,89,6,100,8.33,20.5,10.1,29.3,1013.7,94.4,4.3,94.1,8.2,4
13.082,80.275,2015-12-10,27.1,34,25,23.3,80.6,1.6,100,41.67,18.4,6.1,14.1,1013.7,63.3,5.6,150.5,12.9,7
13.082,80.275,2015-12-11,27.3,42.1,24,24.3,84.1,1.5,100,45.83,13,4.4,78.5,1012,45.9,5.6,143.7,12.4,6
13.082,80.275,2015-12-12,27.7,39.1,24,23.7,79.9,0,0,0,13,2.8,90.5,1011.5,45.4,6.1,185,15.9,7
13.082,80.275,2015-12-13,27,36.7,23,22.3,76.8,0,0,0,11.2,3.5,81,1011.7,33.5,7.1,215.5,18.6,8
13.082,80.275,2015-12-14,26.4,35,24,23.2,82.8,0,0,0,13,4.1,57.4,1012.5,38.2,6.1,164.7,14.4,6
13.082,80.275,2015-12-15,25.9,35.4,22,21.7,79.1,0,0,0,11.2,3.2,75.7,1012.6,33.5,5.4,195.5,16.9,7
13.082,80.275,2015-12-16,25.9,35.7,21,20.8,75,0,0,0,11.2,3.5,73.4,1014,38,6.4,193.7,16.8,7
13.082,80.275,2015-12-17,26.7,35.7,22.9,22.1,76.5,0,0,0,14.8,3.6,77.9,1013,37.6,6,173.4,15,7
13.082,80.275,2015-12-18,27.1,37.8,23,23,78.9,0,0,0,13,4.2,81.4,1013.5,37.7,6,199.5,17.3,7
13.082,80.275,2015-12-19,27.6,37.8,24,23.5,79,0.4,100,16.67,18.4,5.1,74.3,1015.2,35.1,6.1,194.9,16.7,8
13.082,80.275,2015-12-20,27.3,36.7,24,22.7,77.2,0,0,0,14.8,5,64.5,1015.4,27.3,6.3,200.1,17.3,7
13.082,80.275,2015-12-21,27.1,36.4,22.5,21.3,72.9,0,0,0,11.2,2.3,106.6,1013.7,26.6,6.5,215.7,18.7,8
13.082,80.275,2015-12-22,27.2,36.7,23,22.6,76.8,0.2,100,8.33,11.2,3.8,88,1015.4,27.6,6.1,203,17.5,7
13.082,80.275,2015-12-23,27.7,36.7,25,22.8,75.4,0,0,0,13,5.4,65.9,1015.6,36.8,5.9,200.1,17.1,7
13.082,80.275,2015-12-24,27.2,36.7,23.9,22.4,75.9,0,0,0,18.4,5.6,66.4,1014.7,30.8,5.5,208.1,17.8,7
13.082,80.275,2015-12-25,26.9,34.8,23,21.8,74.7,0.1,100,4.17,14.8,5.2,46.8,1014.8,38.3,5.4,213.7,18.2,8
13.082,80.275,2015-12-26,26.1,33.2,24,21.7,78.3,1.7,100,50,20.5,9.5,2.5,1015.2,45.9,4.8,181.1,15.7,7
13.082,80.275,2015-12-27,26.5,35.4,23,22.1,77.4,0.9,100,29.17,27.7,12.2,53.7,1016.1,55.4,4.4,200.8,17.2,7
13.082,80.275,2015-12-28,26.7,34.4,24,21.4,73.4,0,0,0,22.3,10.1,20.8,1017.9,53,5.4,195.8,16.9,8
13.082,80.275,2015-12-29,26.3,33.6,23,20.7,72.2,0,0,0,20.5,6.9,14.7,1016.7,39.3,6,216.3,18.7,8
13.082,80.275,2015-12-30,25.8,33.6,21,20.5,74.2,0,0,0,18.4,6.1,38.4,1015.5,35.8,6.1,215.2,18.6,8
13.082,80.275,2015-12-31,26,32.9,21,20.1,71.3,0,0,0,22.3,8.3,37,1017,40.5,5.7,209.1,18.1,8
